index,text,score,correct spelling,percent,novel word spelled,novel words,bigrams
0,"bit; 'in fact, there's
nothing written on the outside.' he unfolded the paper as he spoke, and
added",1,18,1.0,"(0, [])","(0, [])","dict_items([(('bit;', ""'in""), 1), ((""'in"", 'fact,'), 1), (('fact,', ""there's""), 1), ((""there's"", 'nothing'), 1), (('nothing', 'written'), 1), (('written', 'on'), 1), (('on', 'the'), 1), (('the', ""outside.'""), 1), ((""outside.'"", 'he'), 1), (('he', 'unfolded'), 1), (('unfolded', 'the'), 1), (('the', 'paper'), 1), (('paper', 'as'), 1), (('as', 'he'), 1), (('he', 'spoke,'), 1), (('spoke,', 'and'), 1), (('and', 'added'), 1)])"
1000," to the thing soue time the had gandene of the table, but she had to suinl it was going to say it th",0,20,0.87,"(1, ['th'])","(4, ['soue', 'gandene', 'suinl', 'th'])","dict_items([(('to', 'the'), 1), (('the', 'thing'), 1), (('thing', 'soue'), 1), (('soue', 'time'), 1), (('time', 'the'), 1), (('the', 'had'), 1), (('had', 'gandene'), 1), (('gandene', 'of'), 1), (('of', 'the'), 1), (('the', 'table,'), 1), (('table,', 'but'), 1), (('but', 'she'), 1), (('she', 'had'), 1), (('had', 'to'), 1), (('to', 'suinl'), 1), (('suinl', 'it'), 1), (('it', 'was'), 1), (('was', 'going'), 1), (('going', 'to'), 1), (('to', 'say'), 1), (('say', 'it'), 1), (('it', 'th'), 1)])"
1,"not
like the look of the thing at all. 'but perhaps it was only sobbing,'
she thought, and looked in",1,20,1.0,"(0, [])","(0, [])","dict_items([(('not', 'like'), 1), (('like', 'the'), 1), (('the', 'look'), 1), (('look', 'of'), 1), (('of', 'the'), 1), (('the', 'thing'), 1), (('thing', 'at'), 1), (('at', 'all.'), 1), (('all.', ""'but""), 1), ((""'but"", 'perhaps'), 1), (('perhaps', 'it'), 1), (('it', 'was'), 1), (('was', 'only'), 1), (('only', ""sobbing,'""), 1), ((""sobbing,'"", 'she'), 1), (('she', 'thought,'), 1), (('thought,', 'and'), 1), (('and', 'looked'), 1), (('looked', 'in'), 1)])"
1001," a lou, and said, 'i don't know what i can tee things--

'i don't know what i can't tee to the thanl",0,21,0.95,"(7, ['lou,', ""'i"", 'i', 'tee', ""'i"", 'i', 'tee'])","(8, ['lou,', ""'i"", 'i', 'tee', ""'i"", 'i', 'tee', 'thanl'])","dict_items([(('a', 'lou,'), 1), (('lou,', 'and'), 1), (('and', 'said,'), 1), (('said,', ""'i""), 1), ((""'i"", ""don't""), 2), ((""don't"", 'know'), 2), (('know', 'what'), 2), (('what', 'i'), 2), (('i', 'can'), 1), (('can', 'tee'), 1), (('tee', 'things--'), 1), (('things--', ""'i""), 1), (('i', ""can't""), 1), ((""can't"", 'tee'), 1), (('tee', 'to'), 1), (('to', 'the'), 1), (('the', 'thanl'), 1)])"
2,"tenberg-tm work, and (c) any defect you cause.


section  2.  information about the mission of proje",1,13,0.81,"(1, ['section'])","(3, ['tenberg-tm', 'section', 'proje'])","dict_items([(('tenberg-tm', 'work,'), 1), (('work,', 'and'), 1), (('and', '(c)'), 1), (('(c)', 'any'), 1), (('any', 'defect'), 1), (('defect', 'you'), 1), (('you', 'cause.'), 1), (('cause.', 'section'), 1), (('section', '2.'), 1), (('2.', 'information'), 1), (('information', 'about'), 1), (('about', 'the'), 1), (('the', 'mission'), 1), (('mission', 'of'), 1), (('of', 'proje'), 1)])"
1002,ct gutenberg-tm electronic works in a refund of the project gutenberg literary archive foundation ar,0,13,0.87,"(6, ['ct', 'project', 'literary', 'archive', 'foundation', 'ar'])","(8, ['ct', 'gutenberg-tm', 'project', 'gutenberg', 'literary', 'archive', 'foundation', 'ar'])","dict_items([(('ct', 'gutenberg-tm'), 1), (('gutenberg-tm', 'electronic'), 1), (('electronic', 'works'), 1), (('works', 'in'), 1), (('in', 'a'), 1), (('a', 'refund'), 1), (('refund', 'of'), 1), (('of', 'the'), 1), (('the', 'project'), 1), (('project', 'gutenberg'), 1), (('gutenberg', 'literary'), 1), (('literary', 'archive'), 1), (('archive', 'foundation'), 1), (('foundation', 'ar'), 1)])"
3,"s shoulder with some curiosity. 'what a
funny watch!' she remarked. 'it tells the day of the month, ",1,18,1.0,"(1, ['s'])","(1, ['s'])","dict_items([(('s', 'shoulder'), 1), (('shoulder', 'with'), 1), (('with', 'some'), 1), (('some', 'curiosity.'), 1), (('curiosity.', ""'what""), 1), ((""'what"", 'a'), 1), (('a', 'funny'), 1), (('funny', ""watch!'""), 1), ((""watch!'"", 'she'), 1), (('she', 'remarked.'), 1), (('remarked.', ""'it""), 1), ((""'it"", 'tells'), 1), (('tells', 'the'), 1), (('the', 'day'), 1), (('day', 'of'), 1), (('of', 'the'), 1), (('the', 'month,'), 1)])"
1003,i dan't get the tort of the same time the doomouse shanl tee the door of the way of the words was sh,0,20,0.87,"(3, ['i', 'tort', 'tee'])","(6, ['i', ""dan't"", 'tort', 'doomouse', 'shanl', 'tee'])","dict_items([(('i', ""dan't""), 1), ((""dan't"", 'get'), 1), (('get', 'the'), 1), (('the', 'tort'), 1), (('tort', 'of'), 1), (('of', 'the'), 3), (('the', 'same'), 1), (('same', 'time'), 1), (('time', 'the'), 1), (('the', 'doomouse'), 1), (('doomouse', 'shanl'), 1), (('shanl', 'tee'), 1), (('tee', 'the'), 1), (('the', 'door'), 1), (('door', 'of'), 1), (('the', 'way'), 1), (('way', 'of'), 1), (('the', 'words'), 1), (('words', 'was'), 1), (('was', 'sh'), 1)])"
4,"any footsteps,
and alice looked round, eager to see the queen.

first came ten soldiers carrying clu",1,16,0.94,"(2, ['alice', 'queen.'])","(3, ['alice', 'queen.', 'clu'])","dict_items([(('any', 'footsteps,'), 1), (('footsteps,', 'and'), 1), (('and', 'alice'), 1), (('alice', 'looked'), 1), (('looked', 'round,'), 1), (('round,', 'eager'), 1), (('eager', 'to'), 1), (('to', 'see'), 1), (('see', 'the'), 1), (('the', 'queen.'), 1), (('queen.', 'first'), 1), (('first', 'came'), 1), (('came', 'ten'), 1), (('ten', 'soldiers'), 1), (('soldiers', 'carrying'), 1), (('carrying', 'clu'), 1)])"
1004,"ngethen the had frown of the sabbit say in the door, and the white rabbit blowered to she had got to",0,18,0.86,"(1, ['frown'])","(4, ['ngethen', 'frown', 'sabbit', 'blowered'])","dict_items([(('ngethen', 'the'), 1), (('the', 'had'), 1), (('had', 'frown'), 1), (('frown', 'of'), 1), (('of', 'the'), 1), (('the', 'sabbit'), 1), (('sabbit', 'say'), 1), (('say', 'in'), 1), (('in', 'the'), 1), (('the', 'door,'), 1), (('door,', 'and'), 1), (('and', 'the'), 1), (('the', 'white'), 1), (('white', 'rabbit'), 1), (('rabbit', 'blowered'), 1), (('blowered', 'to'), 1), (('to', 'she'), 1), (('she', 'had'), 1), (('had', 'got'), 1), (('got', 'to'), 1)])"
5,"without
permission and without paying copyright royalties.  special rules,
set forth in the general ",1,14,1.0,"(1, ['special'])","(1, ['special'])","dict_items([(('without', 'permission'), 1), (('permission', 'and'), 1), (('and', 'without'), 1), (('without', 'paying'), 1), (('paying', 'copyright'), 1), (('copyright', 'royalties.'), 1), (('royalties.', 'special'), 1), (('special', 'rules,'), 1), (('rules,', 'set'), 1), (('set', 'forth'), 1), (('forth', 'in'), 1), (('in', 'the'), 1), (('the', 'general'), 1)])"
1005,"of the project gutenberg literary archive foundation ar she foundation, and wour with the project gu",0,14,0.88,"(8, ['project', 'literary', 'archive', 'foundation', 'ar', 'foundation,', 'project', 'gu'])","(10, ['project', 'gutenberg', 'literary', 'archive', 'foundation', 'ar', 'foundation,', 'wour', 'project', 'gu'])","dict_items([(('of', 'the'), 1), (('the', 'project'), 2), (('project', 'gutenberg'), 1), (('gutenberg', 'literary'), 1), (('literary', 'archive'), 1), (('archive', 'foundation'), 1), (('foundation', 'ar'), 1), (('ar', 'she'), 1), (('she', 'foundation,'), 1), (('foundation,', 'and'), 1), (('and', 'wour'), 1), (('wour', 'with'), 1), (('with', 'the'), 1), (('project', 'gu'), 1)])"
6,"rking hoarsely
all the while, till at last it sat down a good way off, panting, with
its tongue hang",1,19,0.95,"(1, ['hang'])","(2, ['rking', 'hang'])","dict_items([(('rking', 'hoarsely'), 1), (('hoarsely', 'all'), 1), (('all', 'the'), 1), (('the', 'while,'), 1), (('while,', 'till'), 1), (('till', 'at'), 1), (('at', 'last'), 1), (('last', 'it'), 1), (('it', 'sat'), 1), (('sat', 'down'), 1), (('down', 'a'), 1), (('a', 'good'), 1), (('good', 'way'), 1), (('way', 'off,'), 1), (('off,', 'panting,'), 1), (('panting,', 'with'), 1), (('with', 'its'), 1), (('its', 'tongue'), 1), (('tongue', 'hang'), 1)])"
1006,"en into the dourt, 
'i don't know what i can't ree whth an any ratt!' said the mouse, 'and the mort ",0,18,0.86,"(5, ['en', ""'i"", 'i', 'ree', 'mort'])","(8, ['en', 'dourt,', ""'i"", 'i', 'ree', 'whth', ""ratt!'"", 'mort'])","dict_items([(('en', 'into'), 1), (('into', 'the'), 1), (('the', 'dourt,'), 1), (('dourt,', ""'i""), 1), ((""'i"", ""don't""), 1), ((""don't"", 'know'), 1), (('know', 'what'), 1), (('what', 'i'), 1), (('i', ""can't""), 1), ((""can't"", 'ree'), 1), (('ree', 'whth'), 1), (('whth', 'an'), 1), (('an', 'any'), 1), (('any', ""ratt!'""), 1), ((""ratt!'"", 'said'), 1), (('said', 'the'), 1), (('the', 'mouse,'), 1), (('mouse,', ""'and""), 1), ((""'and"", 'the'), 1), (('the', 'mort'), 1)])"
7,"gistered trademark, and may not be used if you
charge for the ebooks, unless you receive specific pe",1,16,0.89,"(1, ['pe'])","(3, ['gistered', 'ebooks,', 'pe'])","dict_items([(('gistered', 'trademark,'), 1), (('trademark,', 'and'), 1), (('and', 'may'), 1), (('may', 'not'), 1), (('not', 'be'), 1), (('be', 'used'), 1), (('used', 'if'), 1), (('if', 'you'), 1), (('you', 'charge'), 1), (('charge', 'for'), 1), (('for', 'the'), 1), (('the', 'ebooks,'), 1), (('ebooks,', 'unless'), 1), (('unless', 'you'), 1), (('you', 'receive'), 1), (('receive', 'specific'), 1), (('specific', 'pe'), 1)])"
1007,rmission of the project gutenberg literary archive foundation are all fopyright in the project guten,0,11,0.73,"(5, ['project', 'literary', 'archive', 'foundation', 'project'])","(9, ['rmission', 'project', 'gutenberg', 'literary', 'archive', 'foundation', 'fopyright', 'project', 'guten'])","dict_items([(('rmission', 'of'), 1), (('of', 'the'), 1), (('the', 'project'), 2), (('project', 'gutenberg'), 1), (('gutenberg', 'literary'), 1), (('literary', 'archive'), 1), (('archive', 'foundation'), 1), (('foundation', 'are'), 1), (('are', 'all'), 1), (('all', 'fopyright'), 1), (('fopyright', 'in'), 1), (('in', 'the'), 1), (('project', 'guten'), 1)])"
8,"ppeared, and then alice put
down her flamingo, and began an account of the game, feeling very glad
s",1,18,0.95,"(2, ['alice', 's'])","(3, ['ppeared,', 'alice', 's'])","dict_items([(('ppeared,', 'and'), 1), (('and', 'then'), 1), (('then', 'alice'), 1), (('alice', 'put'), 1), (('put', 'down'), 1), (('down', 'her'), 1), (('her', 'flamingo,'), 1), (('flamingo,', 'and'), 1), (('and', 'began'), 1), (('began', 'an'), 1), (('an', 'account'), 1), (('account', 'of'), 1), (('of', 'the'), 1), (('the', 'game,'), 1), (('game,', 'feeling'), 1), (('feeling', 'very'), 1), (('very', 'glad'), 1), (('glad', 's'), 1)])"
1008,"he had gooe the tout of the sabbit say in the door, and the pueen say down and said, 'it was the moc",0,20,0.87,"(2, ['tout', 'moc'])","(5, ['gooe', 'tout', 'sabbit', 'pueen', 'moc'])","dict_items([(('he', 'had'), 1), (('had', 'gooe'), 1), (('gooe', 'the'), 1), (('the', 'tout'), 1), (('tout', 'of'), 1), (('of', 'the'), 1), (('the', 'sabbit'), 1), (('sabbit', 'say'), 1), (('say', 'in'), 1), (('in', 'the'), 1), (('the', 'door,'), 1), (('door,', 'and'), 1), (('and', 'the'), 1), (('the', 'pueen'), 1), (('pueen', 'say'), 1), (('say', 'down'), 1), (('down', 'and'), 1), (('and', 'said,'), 1), (('said,', ""'it""), 1), ((""'it"", 'was'), 1), (('was', 'the'), 1), (('the', 'moc'), 1)])"
9,"e punished for it now, i suppose, by
being drowned in my own tears! that will be a queer thing, to b",1,22,1.0,"(2, ['e', 'i'])","(2, ['e', 'i'])","dict_items([(('e', 'punished'), 1), (('punished', 'for'), 1), (('for', 'it'), 1), (('it', 'now,'), 1), (('now,', 'i'), 1), (('i', 'suppose,'), 1), (('suppose,', 'by'), 1), (('by', 'being'), 1), (('being', 'drowned'), 1), (('drowned', 'in'), 1), (('in', 'my'), 1), (('my', 'own'), 1), (('own', 'tears!'), 1), (('tears!', 'that'), 1), (('that', 'will'), 1), (('will', 'be'), 1), (('be', 'a'), 1), (('a', 'queer'), 1), (('queer', 'thing,'), 1), (('thing,', 'to'), 1), (('to', 'b'), 1)])"
1009,"e a louse if it gad been to the door, 
'i don't know what i can tele you loow the door,' said the mo",0,23,0.96,"(7, ['e', 'louse', 'gad', ""'i"", 'i', 'tele', 'mo'])","(8, ['e', 'louse', 'gad', ""'i"", 'i', 'tele', 'loow', 'mo'])","dict_items([(('e', 'a'), 1), (('a', 'louse'), 1), (('louse', 'if'), 1), (('if', 'it'), 1), (('it', 'gad'), 1), (('gad', 'been'), 1), (('been', 'to'), 1), (('to', 'the'), 1), (('the', 'door,'), 1), (('door,', ""'i""), 1), ((""'i"", ""don't""), 1), ((""don't"", 'know'), 1), (('know', 'what'), 1), (('what', 'i'), 1), (('i', 'can'), 1), (('can', 'tele'), 1), (('tele', 'you'), 1), (('you', 'loow'), 1), (('loow', 'the'), 1), (('the', ""door,'""), 1), ((""door,'"", 'said'), 1), (('said', 'the'), 1), (('the', 'mo'), 1)])"
10,"so. 'it's really
dreadful,' she muttered to herself, 'the way all the creatures argue.
it's enough t",1,17,1.0,"(1, ['t'])","(1, ['t'])","dict_items([(('so.', ""'it's""), 1), ((""'it's"", 'really'), 1), (('really', ""dreadful,'""), 1), ((""dreadful,'"", 'she'), 1), (('she', 'muttered'), 1), (('muttered', 'to'), 1), (('to', 'herself,'), 1), (('herself,', ""'the""), 1), ((""'the"", 'way'), 1), (('way', 'all'), 1), (('all', 'the'), 1), (('the', 'creatures'), 1), (('creatures', 'argue.'), 1), (('argue.', ""it's""), 1), ((""it's"", 'enough'), 1), (('enough', 't'), 1)])"
1010,"he mort of the same thing is to tee the door, and the white rabbit blowered about the was sole minut",0,19,0.9,"(3, ['mort', 'tee', 'sole'])","(5, ['mort', 'tee', 'blowered', 'sole', 'minut'])","dict_items([(('he', 'mort'), 1), (('mort', 'of'), 1), (('of', 'the'), 1), (('the', 'same'), 1), (('same', 'thing'), 1), (('thing', 'is'), 1), (('is', 'to'), 1), (('to', 'tee'), 1), (('tee', 'the'), 1), (('the', 'door,'), 1), (('door,', 'and'), 1), (('and', 'the'), 1), (('the', 'white'), 1), (('white', 'rabbit'), 1), (('rabbit', 'blowered'), 1), (('blowered', 'about'), 1), (('about', 'the'), 1), (('the', 'was'), 1), (('was', 'sole'), 1), (('sole', 'minut'), 1)])"
11,"

'would you like to see a little of it?' said the mock turtle.

'very much indeed,' said alice.

'c",1,19,1.0,"(3, ['mock', 'turtle.', 'alice.'])","(3, ['mock', 'turtle.', 'alice.'])","dict_items([((""'would"", 'you'), 1), (('you', 'like'), 1), (('like', 'to'), 1), (('to', 'see'), 1), (('see', 'a'), 1), (('a', 'little'), 1), (('little', 'of'), 1), (('of', ""it?'""), 1), ((""it?'"", 'said'), 1), (('said', 'the'), 1), (('the', 'mock'), 1), (('mock', 'turtle.'), 1), (('turtle.', ""'very""), 1), ((""'very"", 'much'), 1), (('much', ""indeed,'""), 1), ((""indeed,'"", 'said'), 1), (('said', 'alice.'), 1), (('alice.', ""'c""), 1)])"
1011,"ome on!' said the daterpillar.

'i don't know what i have to be a little birler,' she said to hersel",0,17,0.85,"(3, [""'i"", 'i', ""birler,'""])","(6, ['ome', 'daterpillar.', ""'i"", 'i', ""birler,'"", 'hersel'])","dict_items([(('ome', ""on!'""), 1), ((""on!'"", 'said'), 1), (('said', 'the'), 1), (('the', 'daterpillar.'), 1), (('daterpillar.', ""'i""), 1), ((""'i"", ""don't""), 1), ((""don't"", 'know'), 1), (('know', 'what'), 1), (('what', 'i'), 1), (('i', 'have'), 1), (('have', 'to'), 1), (('to', 'be'), 1), (('be', 'a'), 1), (('a', 'little'), 1), (('little', ""birler,'""), 1), ((""birler,'"", 'she'), 1), (('she', 'said'), 1), (('said', 'to'), 1), (('to', 'hersel'), 1)])"
12,"at the hatter, and,
just as the dormouse crossed the court, she said to one of the officers
of the c",1,21,1.0,"(1, ['dormouse'])","(1, ['dormouse'])","dict_items([(('at', 'the'), 1), (('the', 'hatter,'), 1), (('hatter,', 'and,'), 1), (('and,', 'just'), 1), (('just', 'as'), 1), (('as', 'the'), 1), (('the', 'dormouse'), 1), (('dormouse', 'crossed'), 1), (('crossed', 'the'), 1), (('the', 'court,'), 1), (('court,', 'she'), 1), (('she', 'said'), 1), (('said', 'to'), 1), (('to', 'one'), 1), (('one', 'of'), 1), (('of', 'the'), 2), (('the', 'officers'), 1), (('officers', 'of'), 1), (('the', 'c'), 1)])"
1012,"ourt, 
'i don't know what i can't ree whth an any ratt!' said the mouse, 'and the mort of the sable ",0,18,0.86,"(5, [""'i"", 'i', 'ree', 'mort', 'sable'])","(8, ['ourt,', ""'i"", 'i', 'ree', 'whth', ""ratt!'"", 'mort', 'sable'])","dict_items([(('ourt,', ""'i""), 1), ((""'i"", ""don't""), 1), ((""don't"", 'know'), 1), (('know', 'what'), 1), (('what', 'i'), 1), (('i', ""can't""), 1), ((""can't"", 'ree'), 1), (('ree', 'whth'), 1), (('whth', 'an'), 1), (('an', 'any'), 1), (('any', ""ratt!'""), 1), ((""ratt!'"", 'said'), 1), (('said', 'the'), 1), (('the', 'mouse,'), 1), (('mouse,', ""'and""), 1), ((""'and"", 'the'), 1), (('the', 'mort'), 1), (('mort', 'of'), 1), (('of', 'the'), 1), (('the', 'sable'), 1)])"
13,"are, nobody attends to them--and you've no idea how
confusing it is all the things being alive; for ",1,17,0.94,"(0, [])","(0, [])","dict_items([(('are,', 'nobody'), 1), (('nobody', 'attends'), 1), (('attends', 'to'), 1), (('to', 'them--and'), 1), (('them--and', ""you've""), 1), ((""you've"", 'no'), 1), (('no', 'idea'), 1), (('idea', 'how'), 1), (('how', 'confusing'), 1), (('confusing', 'it'), 1), (('it', 'is'), 1), (('is', 'all'), 1), (('all', 'the'), 1), (('the', 'things'), 1), (('things', 'being'), 1), (('being', 'alive;'), 1), (('alive;', 'for'), 1)])"
1013,"the doomouse say in the doorsat' and was seeling at the door, and the white rabbit blowered to she h",0,17,0.85,"(2, ['seeling', 'h'])","(5, ['doomouse', ""doorsat'"", 'seeling', 'blowered', 'h'])","dict_items([(('the', 'doomouse'), 1), (('doomouse', 'say'), 1), (('say', 'in'), 1), (('in', 'the'), 1), (('the', ""doorsat'""), 1), ((""doorsat'"", 'and'), 1), (('and', 'was'), 1), (('was', 'seeling'), 1), (('seeling', 'at'), 1), (('at', 'the'), 1), (('the', 'door,'), 1), (('door,', 'and'), 1), (('and', 'the'), 1), (('the', 'white'), 1), (('white', 'rabbit'), 1), (('rabbit', 'blowered'), 1), (('blowered', 'to'), 1), (('to', 'she'), 1), (('she', 'h'), 1)])"
14," was quite pleased to find that she knew
the name of nearly everything there. 'that's the judge,' sh",1,18,1.0,"(0, [])","(0, [])","dict_items([(('was', 'quite'), 1), (('quite', 'pleased'), 1), (('pleased', 'to'), 1), (('to', 'find'), 1), (('find', 'that'), 1), (('that', 'she'), 1), (('she', 'knew'), 1), (('knew', 'the'), 1), (('the', 'name'), 1), (('name', 'of'), 1), (('of', 'nearly'), 1), (('nearly', 'everything'), 1), (('everything', 'there.'), 1), (('there.', ""'that's""), 1), ((""'that's"", 'the'), 1), (('the', ""judge,'""), 1), ((""judge,'"", 'sh'), 1)])"
1014,"e said to herself, 'i don't know what i can the most of the say of the dooroa dorn the mort of the s",0,23,0.96,"(6, ['e', ""'i"", 'i', 'dorn', 'mort', 's'])","(7, ['e', ""'i"", 'i', 'dooroa', 'dorn', 'mort', 's'])","dict_items([(('e', 'said'), 1), (('said', 'to'), 1), (('to', 'herself,'), 1), (('herself,', ""'i""), 1), ((""'i"", ""don't""), 1), ((""don't"", 'know'), 1), (('know', 'what'), 1), (('what', 'i'), 1), (('i', 'can'), 1), (('can', 'the'), 1), (('the', 'most'), 1), (('most', 'of'), 1), (('of', 'the'), 3), (('the', 'say'), 1), (('say', 'of'), 1), (('the', 'dooroa'), 1), (('dooroa', 'dorn'), 1), (('dorn', 'the'), 1), (('the', 'mort'), 1), (('mort', 'of'), 1), (('the', 's'), 1)])"
15," said
was, 'why is a raven like a writing-desk?'

'come, we shall have some fun now!' thought alice.",1,17,0.94,"(1, ['alice.'])","(1, ['alice.'])","dict_items([(('said', 'was,'), 1), (('was,', ""'why""), 1), ((""'why"", 'is'), 1), (('is', 'a'), 1), (('a', 'raven'), 1), (('raven', 'like'), 1), (('like', 'a'), 1), (('a', ""writing-desk?'""), 1), ((""writing-desk?'"", ""'come,""), 1), ((""'come,"", 'we'), 1), (('we', 'shall'), 1), (('shall', 'have'), 1), (('have', 'some'), 1), (('some', 'fun'), 1), (('fun', ""now!'""), 1), ((""now!'"", 'thought'), 1), (('thought', 'alice.'), 1)])"
1015," 'i don't know the dorrou to the white rabbit, when she was see as she was seed to the thing soue of",0,20,0.91,"(2, [""'i"", 'seed'])","(4, [""'i"", 'dorrou', 'seed', 'soue'])","dict_items([((""'i"", ""don't""), 1), ((""don't"", 'know'), 1), (('know', 'the'), 1), (('the', 'dorrou'), 1), (('dorrou', 'to'), 1), (('to', 'the'), 2), (('the', 'white'), 1), (('white', 'rabbit,'), 1), (('rabbit,', 'when'), 1), (('when', 'she'), 1), (('she', 'was'), 2), (('was', 'see'), 1), (('see', 'as'), 1), (('as', 'she'), 1), (('was', 'seed'), 1), (('seed', 'to'), 1), (('the', 'thing'), 1), (('thing', 'soue'), 1), (('soue', 'of'), 1)])"
16,"as politely as she could.

'the dormouse is asleep again,' said the hatter, and he poured a little
h",1,19,1.0,"(2, ['dormouse', 'h'])","(2, ['dormouse', 'h'])","dict_items([(('as', 'politely'), 1), (('politely', 'as'), 1), (('as', 'she'), 1), (('she', 'could.'), 1), (('could.', ""'the""), 1), ((""'the"", 'dormouse'), 1), (('dormouse', 'is'), 1), (('is', 'asleep'), 1), (('asleep', ""again,'""), 1), ((""again,'"", 'said'), 1), (('said', 'the'), 1), (('the', 'hatter,'), 1), (('hatter,', 'and'), 1), (('and', 'he'), 1), (('he', 'poured'), 1), (('poured', 'a'), 1), (('a', 'little'), 1), (('little', 'h'), 1)])"
1016,"arden, and the pueen say down the had frown of the sabbit say in the door, and the white rabbit blow",0,18,0.86,"(1, ['frown'])","(4, ['arden,', 'pueen', 'frown', 'sabbit'])","dict_items([(('arden,', 'and'), 1), (('and', 'the'), 2), (('the', 'pueen'), 1), (('pueen', 'say'), 1), (('say', 'down'), 1), (('down', 'the'), 1), (('the', 'had'), 1), (('had', 'frown'), 1), (('frown', 'of'), 1), (('of', 'the'), 1), (('the', 'sabbit'), 1), (('sabbit', 'say'), 1), (('say', 'in'), 1), (('in', 'the'), 1), (('the', 'door,'), 1), (('door,', 'and'), 1), (('the', 'white'), 1), (('white', 'rabbit'), 1), (('rabbit', 'blow'), 1)])"
17,"up, i'll write one--but i'm grown up now,' she added in a sorrowful
tone; 'at least there's no room ",1,18,0.95,"(1, [""i'm""])","(1, [""i'm""])","dict_items([(('up,', ""i'll""), 1), ((""i'll"", 'write'), 1), (('write', 'one--but'), 1), (('one--but', ""i'm""), 1), ((""i'm"", 'grown'), 1), (('grown', 'up'), 1), (('up', ""now,'""), 1), ((""now,'"", 'she'), 1), (('she', 'added'), 1), (('added', 'in'), 1), (('in', 'a'), 1), (('a', 'sorrowful'), 1), (('sorrowful', 'tone;'), 1), (('tone;', ""'at""), 1), ((""'at"", 'least'), 1), (('least', ""there's""), 1), ((""there's"", 'no'), 1), (('no', 'room'), 1)])"
1017,"as it was the dooroa dotn the door, and the mort of the say of the mock turtle sat off, and she was ",0,21,0.91,"(3, ['mort', 'mock', 'turtle'])","(5, ['dooroa', 'dotn', 'mort', 'mock', 'turtle'])","dict_items([(('as', 'it'), 1), (('it', 'was'), 1), (('was', 'the'), 1), (('the', 'dooroa'), 1), (('dooroa', 'dotn'), 1), (('dotn', 'the'), 1), (('the', 'door,'), 1), (('door,', 'and'), 1), (('and', 'the'), 1), (('the', 'mort'), 1), (('mort', 'of'), 1), (('of', 'the'), 2), (('the', 'say'), 1), (('say', 'of'), 1), (('the', 'mock'), 1), (('mock', 'turtle'), 1), (('turtle', 'sat'), 1), (('sat', 'off,'), 1), (('off,', 'and'), 1), (('and', 'she'), 1), (('she', 'was'), 1)])"
18,"ce, 'or perhaps they won't walk the way i want
to go! let me see: i'll give them a new pair of boots",1,23,1.0,"(2, ['ce,', 'i'])","(2, ['ce,', 'i'])","dict_items([(('ce,', ""'or""), 1), ((""'or"", 'perhaps'), 1), (('perhaps', 'they'), 1), (('they', ""won't""), 1), ((""won't"", 'walk'), 1), (('walk', 'the'), 1), (('the', 'way'), 1), (('way', 'i'), 1), (('i', 'want'), 1), (('want', 'to'), 1), (('to', 'go!'), 1), (('go!', 'let'), 1), (('let', 'me'), 1), (('me', 'see:'), 1), (('see:', ""i'll""), 1), ((""i'll"", 'give'), 1), (('give', 'them'), 1), (('them', 'a'), 1), (('a', 'new'), 1), (('new', 'pair'), 1), (('pair', 'of'), 1), (('of', 'boots'), 1)])"
1018,"es--

'i don't know what i have to be a little birler,' she said to herself, 'i don't know what i ca",0,22,1.0,"(7, ['es--', ""'i"", 'i', ""birler,'"", ""'i"", 'i', 'ca'])","(7, ['es--', ""'i"", 'i', ""birler,'"", ""'i"", 'i', 'ca'])","dict_items([(('es--', ""'i""), 1), ((""'i"", ""don't""), 2), ((""don't"", 'know'), 2), (('know', 'what'), 2), (('what', 'i'), 2), (('i', 'have'), 1), (('have', 'to'), 1), (('to', 'be'), 1), (('be', 'a'), 1), (('a', 'little'), 1), (('little', ""birler,'""), 1), ((""birler,'"", 'she'), 1), (('she', 'said'), 1), (('said', 'to'), 1), (('to', 'herself,'), 1), (('herself,', ""'i""), 1), (('i', 'ca'), 1)])"
19,"and was delighted to find that she
began shrinking directly. as soon as she was small enough to get ",1,19,1.0,"(0, [])","(0, [])","dict_items([(('and', 'was'), 1), (('was', 'delighted'), 1), (('delighted', 'to'), 1), (('to', 'find'), 1), (('find', 'that'), 1), (('that', 'she'), 1), (('she', 'began'), 1), (('began', 'shrinking'), 1), (('shrinking', 'directly.'), 1), (('directly.', 'as'), 1), (('as', 'soon'), 1), (('soon', 'as'), 1), (('as', 'she'), 1), (('she', 'was'), 1), (('was', 'small'), 1), (('small', 'enough'), 1), (('enough', 'to'), 1), (('to', 'get'), 1)])"
1019,"the sabbit say in the door, and the pueen say down and said, 'it was the mort of the sable of the se",0,21,0.91,"(3, ['mort', 'sable', 'se'])","(5, ['sabbit', 'pueen', 'mort', 'sable', 'se'])","dict_items([(('the', 'sabbit'), 1), (('sabbit', 'say'), 1), (('say', 'in'), 1), (('in', 'the'), 1), (('the', 'door,'), 1), (('door,', 'and'), 1), (('and', 'the'), 1), (('the', 'pueen'), 1), (('pueen', 'say'), 1), (('say', 'down'), 1), (('down', 'and'), 1), (('and', 'said,'), 1), (('said,', ""'it""), 1), ((""'it"", 'was'), 1), (('was', 'the'), 1), (('the', 'mort'), 1), (('mort', 'of'), 1), (('of', 'the'), 2), (('the', 'sable'), 1), (('sable', 'of'), 1), (('the', 'se'), 1)])"
20,"demark/copyright) agreement.  if you do not agree to abide by all
the terms of this agreement, you m",1,17,0.94,"(0, [])","(1, ['demark/copyright)'])","dict_items([(('demark/copyright)', 'agreement.'), 1), (('agreement.', 'if'), 1), (('if', 'you'), 1), (('you', 'do'), 1), (('do', 'not'), 1), (('not', 'agree'), 1), (('agree', 'to'), 1), (('to', 'abide'), 1), (('abide', 'by'), 1), (('by', 'all'), 1), (('all', 'the'), 1), (('the', 'terms'), 1), (('terms', 'of'), 1), (('of', 'this'), 1), (('this', 'agreement,'), 1), (('agreement,', 'you'), 1), (('you', 'm'), 1)])"
1020,ay comy it was of the project gutenberg literary archive foundation are all dopyright in the uery co,0,14,0.78,"(6, ['ay', 'project', 'literary', 'archive', 'foundation', 'co'])","(10, ['ay', 'comy', 'project', 'gutenberg', 'literary', 'archive', 'foundation', 'dopyright', 'uery', 'co'])","dict_items([(('ay', 'comy'), 1), (('comy', 'it'), 1), (('it', 'was'), 1), (('was', 'of'), 1), (('of', 'the'), 1), (('the', 'project'), 1), (('project', 'gutenberg'), 1), (('gutenberg', 'literary'), 1), (('literary', 'archive'), 1), (('archive', 'foundation'), 1), (('foundation', 'are'), 1), (('are', 'all'), 1), (('all', 'dopyright'), 1), (('dopyright', 'in'), 1), (('in', 'the'), 1), (('the', 'uery'), 1), (('uery', 'co'), 1)])"
21,"sage, as he shook his grey locks,
    'i kept all my limbs very supple
   by the use of this ointmen",1,19,0.95,"(1, [""'i""])","(2, [""'i"", 'ointmen'])","dict_items([(('sage,', 'as'), 1), (('as', 'he'), 1), (('he', 'shook'), 1), (('shook', 'his'), 1), (('his', 'grey'), 1), (('grey', 'locks,'), 1), (('locks,', ""'i""), 1), ((""'i"", 'kept'), 1), (('kept', 'all'), 1), (('all', 'my'), 1), (('my', 'limbs'), 1), (('limbs', 'very'), 1), (('very', 'supple'), 1), (('supple', 'by'), 1), (('by', 'the'), 1), (('the', 'use'), 1), (('use', 'of'), 1), (('of', 'this'), 1), (('this', 'ointmen'), 1)])"
1021,t the was and say                                                                                   ,0,5,1.0,"(1, ['t'])","(1, ['t'])","dict_items([(('t', 'the'), 1), (('the', 'was'), 1), (('was', 'and'), 1), (('and', 'say'), 1)])"
22,"t was labelled 'orange marmalade', but to her great
disappointment it was empty: she did not like to",1,18,1.0,"(3, ['t', ""'orange"", ""marmalade',""])","(3, ['t', ""'orange"", ""marmalade',""])","dict_items([(('t', 'was'), 1), (('was', 'labelled'), 1), (('labelled', ""'orange""), 1), ((""'orange"", ""marmalade',""), 1), ((""marmalade',"", 'but'), 1), (('but', 'to'), 1), (('to', 'her'), 1), (('her', 'great'), 1), (('great', 'disappointment'), 1), (('disappointment', 'it'), 1), (('it', 'was'), 1), (('was', 'empty:'), 1), (('empty:', 'she'), 1), (('she', 'did'), 1), (('did', 'not'), 1), (('not', 'like'), 1), (('like', 'to'), 1)])"
1022," be nn dourse, 
'i don't know what i have to be a little birler,' the mock turtle seplied in an offe",0,17,0.81,"(5, [""'i"", 'i', ""birler,'"", 'mock', 'turtle'])","(9, ['nn', 'dourse,', ""'i"", 'i', ""birler,'"", 'mock', 'turtle', 'seplied', 'offe'])","dict_items([(('be', 'nn'), 1), (('nn', 'dourse,'), 1), (('dourse,', ""'i""), 1), ((""'i"", ""don't""), 1), ((""don't"", 'know'), 1), (('know', 'what'), 1), (('what', 'i'), 1), (('i', 'have'), 1), (('have', 'to'), 1), (('to', 'be'), 1), (('be', 'a'), 1), (('a', 'little'), 1), (('little', ""birler,'""), 1), ((""birler,'"", 'the'), 1), (('the', 'mock'), 1), (('mock', 'turtle'), 1), (('turtle', 'seplied'), 1), (('seplied', 'in'), 1), (('in', 'an'), 1), (('an', 'offe'), 1)])"
23,"f the fact.

'i keep them to sell,' the hatter added as an explanation; 'i've none of
my own. i'm a ",1,21,1.0,"(4, ['f', ""'i"", ""'i've"", ""i'm""])","(4, ['f', ""'i"", ""'i've"", ""i'm""])","dict_items([(('f', 'the'), 1), (('the', 'fact.'), 1), (('fact.', ""'i""), 1), ((""'i"", 'keep'), 1), (('keep', 'them'), 1), (('them', 'to'), 1), (('to', ""sell,'""), 1), ((""sell,'"", 'the'), 1), (('the', 'hatter'), 1), (('hatter', 'added'), 1), (('added', 'as'), 1), (('as', 'an'), 1), (('an', 'explanation;'), 1), (('explanation;', ""'i've""), 1), ((""'i've"", 'none'), 1), (('none', 'of'), 1), (('of', 'my'), 1), (('my', 'own.'), 1), (('own.', ""i'm""), 1), ((""i'm"", 'a'), 1)])"
1023,"partor of the semeocops of the semeocope the doomouse it is it?'

'i don't know the dorrou that she ",0,14,0.74,"(1, [""'i""])","(6, ['partor', 'semeocops', 'semeocope', 'doomouse', ""'i"", 'dorrou'])","dict_items([(('partor', 'of'), 1), (('of', 'the'), 2), (('the', 'semeocops'), 1), (('semeocops', 'of'), 1), (('the', 'semeocope'), 1), (('semeocope', 'the'), 1), (('the', 'doomouse'), 1), (('doomouse', 'it'), 1), (('it', 'is'), 1), (('is', ""it?'""), 1), ((""it?'"", ""'i""), 1), ((""'i"", ""don't""), 1), ((""don't"", 'know'), 1), (('know', 'the'), 1), (('the', 'dorrou'), 1), (('dorrou', 'that'), 1), (('that', 'she'), 1)])"
24," said the cat, 'or you wouldn't have come here.'

alice didn't think that proved it at all; however,",1,18,1.0,"(1, ['alice'])","(1, ['alice'])","dict_items([(('said', 'the'), 1), (('the', 'cat,'), 1), (('cat,', ""'or""), 1), ((""'or"", 'you'), 1), (('you', ""wouldn't""), 1), ((""wouldn't"", 'have'), 1), (('have', 'come'), 1), (('come', ""here.'""), 1), ((""here.'"", 'alice'), 1), (('alice', ""didn't""), 1), ((""didn't"", 'think'), 1), (('think', 'that'), 1), (('that', 'proved'), 1), (('proved', 'it'), 1), (('it', 'at'), 1), (('at', 'all;'), 1), (('all;', 'however,'), 1)])"
1024," she said the louse of her hands, and she was going to see if he was seel a louse the thing sabbit a",0,22,0.96,"(3, ['louse', 'seel', 'louse'])","(4, ['louse', 'seel', 'louse', 'sabbit'])","dict_items([(('she', 'said'), 1), (('said', 'the'), 1), (('the', 'louse'), 1), (('louse', 'of'), 1), (('of', 'her'), 1), (('her', 'hands,'), 1), (('hands,', 'and'), 1), (('and', 'she'), 1), (('she', 'was'), 1), (('was', 'going'), 1), (('going', 'to'), 1), (('to', 'see'), 1), (('see', 'if'), 1), (('if', 'he'), 1), (('he', 'was'), 1), (('was', 'seel'), 1), (('seel', 'a'), 1), (('a', 'louse'), 1), (('louse', 'the'), 1), (('the', 'thing'), 1), (('thing', 'sabbit'), 1), (('sabbit', 'a'), 1)])"
25,"both sat silent and looked at poor
alice, who felt ready to sink into the earth. at last the gryphon",1,20,1.0,"(2, ['alice,', 'gryphon'])","(2, ['alice,', 'gryphon'])","dict_items([(('both', 'sat'), 1), (('sat', 'silent'), 1), (('silent', 'and'), 1), (('and', 'looked'), 1), (('looked', 'at'), 1), (('at', 'poor'), 1), (('poor', 'alice,'), 1), (('alice,', 'who'), 1), (('who', 'felt'), 1), (('felt', 'ready'), 1), (('ready', 'to'), 1), (('to', 'sink'), 1), (('sink', 'into'), 1), (('into', 'the'), 1), (('the', 'earth.'), 1), (('earth.', 'at'), 1), (('at', 'last'), 1), (('last', 'the'), 1), (('the', 'gryphon'), 1)])"
1025," said to the jury bs she could dere and then all the dat of the sabbit say in the door, and the whit",0,22,0.96,"(4, ['bs', 'dere', 'dat', 'whit'])","(5, ['bs', 'dere', 'dat', 'sabbit', 'whit'])","dict_items([(('said', 'to'), 1), (('to', 'the'), 1), (('the', 'jury'), 1), (('jury', 'bs'), 1), (('bs', 'she'), 1), (('she', 'could'), 1), (('could', 'dere'), 1), (('dere', 'and'), 1), (('and', 'then'), 1), (('then', 'all'), 1), (('all', 'the'), 1), (('the', 'dat'), 1), (('dat', 'of'), 1), (('of', 'the'), 1), (('the', 'sabbit'), 1), (('sabbit', 'say'), 1), (('say', 'in'), 1), (('in', 'the'), 1), (('the', 'door,'), 1), (('door,', 'and'), 1), (('and', 'the'), 1), (('the', 'whit'), 1)])"
26,"s curious as it can be,' said the gryphon.

'it all came different!' the mock turtle repeated though",1,18,1.0,"(4, ['s', 'gryphon.', 'mock', 'turtle'])","(4, ['s', 'gryphon.', 'mock', 'turtle'])","dict_items([(('s', 'curious'), 1), (('curious', 'as'), 1), (('as', 'it'), 1), (('it', 'can'), 1), (('can', ""be,'""), 1), ((""be,'"", 'said'), 1), (('said', 'the'), 1), (('the', 'gryphon.'), 1), (('gryphon.', ""'it""), 1), ((""'it"", 'all'), 1), (('all', 'came'), 1), (('came', ""different!'""), 1), ((""different!'"", 'the'), 1), (('the', 'mock'), 1), (('mock', 'turtle'), 1), (('turtle', 'repeated'), 1), (('repeated', 'though'), 1)])"
1026,tfully. 'i maver had to be nuch a proper way of eearts the way of eeantentlly was she was soeezing t,0,15,0.71,"(2, [""'i"", 't'])","(8, ['tfully.', ""'i"", 'maver', 'nuch', 'eearts', 'eeantentlly', 'soeezing', 't'])","dict_items([(('tfully.', ""'i""), 1), ((""'i"", 'maver'), 1), (('maver', 'had'), 1), (('had', 'to'), 1), (('to', 'be'), 1), (('be', 'nuch'), 1), (('nuch', 'a'), 1), (('a', 'proper'), 1), (('proper', 'way'), 1), (('way', 'of'), 2), (('of', 'eearts'), 1), (('eearts', 'the'), 1), (('the', 'way'), 1), (('of', 'eeantentlly'), 1), (('eeantentlly', 'was'), 1), (('was', 'she'), 1), (('she', 'was'), 1), (('was', 'soeezing'), 1), (('soeezing', 't'), 1)])"
27,"ease read this before you distribute or use this work

to protect the project gutenberg-tm mission o",1,16,0.94,"(3, ['ease', 'project', 'o'])","(4, ['ease', 'project', 'gutenberg-tm', 'o'])","dict_items([(('ease', 'read'), 1), (('read', 'this'), 1), (('this', 'before'), 1), (('before', 'you'), 1), (('you', 'distribute'), 1), (('distribute', 'or'), 1), (('or', 'use'), 1), (('use', 'this'), 1), (('this', 'work'), 1), (('work', 'to'), 1), (('to', 'protect'), 1), (('protect', 'the'), 1), (('the', 'project'), 1), (('project', 'gutenberg-tm'), 1), (('gutenberg-tm', 'mission'), 1), (('mission', 'o'), 1)])"
1027,f the project gutenberg literary archive foundation are all fopyright in the project gutenberg liter,0,12,0.8,"(7, ['f', 'project', 'literary', 'archive', 'foundation', 'project', 'liter'])","(10, ['f', 'project', 'gutenberg', 'literary', 'archive', 'foundation', 'fopyright', 'project', 'gutenberg', 'liter'])","dict_items([(('f', 'the'), 1), (('the', 'project'), 2), (('project', 'gutenberg'), 2), (('gutenberg', 'literary'), 1), (('literary', 'archive'), 1), (('archive', 'foundation'), 1), (('foundation', 'are'), 1), (('are', 'all'), 1), (('all', 'fopyright'), 1), (('fopyright', 'in'), 1), (('in', 'the'), 1), (('gutenberg', 'liter'), 1)])"
28,"er first--they don't reach half high enough yet--oh! they'll
do well enough; don't be particular--he",1,12,0.8,"(1, ['er'])","(3, ['er', 'yet--oh!', 'particular--he'])","dict_items([(('er', 'first--they'), 1), (('first--they', ""don't""), 1), ((""don't"", 'reach'), 1), (('reach', 'half'), 1), (('half', 'high'), 1), (('high', 'enough'), 1), (('enough', 'yet--oh!'), 1), (('yet--oh!', ""they'll""), 1), ((""they'll"", 'do'), 1), (('do', 'well'), 1), (('well', 'enough;'), 1), (('enough;', ""don't""), 1), ((""don't"", 'be'), 1), (('be', 'particular--he'), 1)])"
1028," i dan teel to see it is it is?'

'i don't know the dorrou the way in the sememcer with the sea, the",0,21,0.91,"(4, ['i', 'dan', 'teel', ""'i""])","(6, ['i', 'dan', 'teel', ""'i"", 'dorrou', 'sememcer'])","dict_items([(('i', 'dan'), 1), (('dan', 'teel'), 1), (('teel', 'to'), 1), (('to', 'see'), 1), (('see', 'it'), 1), (('it', 'is'), 1), (('is', 'it'), 1), (('it', ""is?'""), 1), ((""is?'"", ""'i""), 1), ((""'i"", ""don't""), 1), ((""don't"", 'know'), 1), (('know', 'the'), 1), (('the', 'dorrou'), 1), (('dorrou', 'the'), 1), (('the', 'way'), 1), (('way', 'in'), 1), (('in', 'the'), 1), (('the', 'sememcer'), 1), (('sememcer', 'with'), 1), (('with', 'the'), 1), (('the', 'sea,'), 1), (('sea,', 'the'), 1)])"
29," stand, and she went round the court and got behind him, and
very soon found an opportunity of takin",1,19,1.0,"(1, ['takin'])","(1, ['takin'])","dict_items([(('stand,', 'and'), 1), (('and', 'she'), 1), (('she', 'went'), 1), (('went', 'round'), 1), (('round', 'the'), 1), (('the', 'court'), 1), (('court', 'and'), 1), (('and', 'got'), 1), (('got', 'behind'), 1), (('behind', 'him,'), 1), (('him,', 'and'), 1), (('and', 'very'), 1), (('very', 'soon'), 1), (('soon', 'found'), 1), (('found', 'an'), 1), (('an', 'opportunity'), 1), (('opportunity', 'of'), 1), (('of', 'takin'), 1)])"
1029,g at the coor had a little thing the had guen had been was off a little shanly of the sooe of the sa,0,20,0.83,"(2, ['g', 'sa'])","(6, ['g', 'coor', 'guen', 'shanly', 'sooe', 'sa'])","dict_items([(('g', 'at'), 1), (('at', 'the'), 1), (('the', 'coor'), 1), (('coor', 'had'), 1), (('had', 'a'), 1), (('a', 'little'), 2), (('little', 'thing'), 1), (('thing', 'the'), 1), (('the', 'had'), 1), (('had', 'guen'), 1), (('guen', 'had'), 1), (('had', 'been'), 1), (('been', 'was'), 1), (('was', 'off'), 1), (('off', 'a'), 1), (('little', 'shanly'), 1), (('shanly', 'of'), 1), (('of', 'the'), 2), (('the', 'sooe'), 1), (('sooe', 'of'), 1), (('the', 'sa'), 1)])"
30,"of equipment including outdated equipment.  many small donations
($1 to $5,000) are particularly imp",1,12,0.86,"(1, ['imp'])","(1, ['imp'])","dict_items([(('of', 'equipment'), 1), (('equipment', 'including'), 1), (('including', 'outdated'), 1), (('outdated', 'equipment.'), 1), (('equipment.', 'many'), 1), (('many', 'small'), 1), (('small', 'donations'), 1), (('donations', '($1'), 1), (('($1', 'to'), 1), (('to', '$5,000)'), 1), (('$5,000)', 'are'), 1), (('are', 'particularly'), 1), (('particularly', 'imp'), 1)])"
1030,"ort this lffens of the project gutenberg literary archive foundation ar she foundation, and wour wit",0,13,0.81,"(8, ['ort', 'project', 'literary', 'archive', 'foundation', 'ar', 'foundation,', 'wit'])","(11, ['ort', 'lffens', 'project', 'gutenberg', 'literary', 'archive', 'foundation', 'ar', 'foundation,', 'wour', 'wit'])","dict_items([(('ort', 'this'), 1), (('this', 'lffens'), 1), (('lffens', 'of'), 1), (('of', 'the'), 1), (('the', 'project'), 1), (('project', 'gutenberg'), 1), (('gutenberg', 'literary'), 1), (('literary', 'archive'), 1), (('archive', 'foundation'), 1), (('foundation', 'ar'), 1), (('ar', 'she'), 1), (('she', 'foundation,'), 1), (('foundation,', 'and'), 1), (('and', 'wour'), 1), (('wour', 'wit'), 1)])"
31," said the hatter. 'you might just as well say
that ""i see what i eat"" is the same thing as ""i eat wh",1,23,1.0,"(4, ['""i', 'i', '""i', 'wh'])","(4, ['""i', 'i', '""i', 'wh'])","dict_items([(('said', 'the'), 1), (('the', 'hatter.'), 1), (('hatter.', ""'you""), 1), ((""'you"", 'might'), 1), (('might', 'just'), 1), (('just', 'as'), 1), (('as', 'well'), 1), (('well', 'say'), 1), (('say', 'that'), 1), (('that', '""i'), 1), (('""i', 'see'), 1), (('see', 'what'), 1), (('what', 'i'), 1), (('i', 'eat""'), 1), (('eat""', 'is'), 1), (('is', 'the'), 1), (('the', 'same'), 1), (('same', 'thing'), 1), (('thing', 'as'), 1), (('as', '""i'), 1), (('""i', 'eat'), 1), (('eat', 'wh'), 1)])"
1031,"th the mock turtle is would the semescops, 

'i don't know what i have to be a little birler,' she s",0,20,0.95,"(7, ['th', 'mock', 'turtle', ""'i"", 'i', ""birler,'"", 's'])","(8, ['th', 'mock', 'turtle', 'semescops,', ""'i"", 'i', ""birler,'"", 's'])","dict_items([(('th', 'the'), 1), (('the', 'mock'), 1), (('mock', 'turtle'), 1), (('turtle', 'is'), 1), (('is', 'would'), 1), (('would', 'the'), 1), (('the', 'semescops,'), 1), (('semescops,', ""'i""), 1), ((""'i"", ""don't""), 1), ((""don't"", 'know'), 1), (('know', 'what'), 1), (('what', 'i'), 1), (('i', 'have'), 1), (('have', 'to'), 1), (('to', 'be'), 1), (('be', 'a'), 1), (('a', 'little'), 1), (('little', ""birler,'""), 1), ((""birler,'"", 'she'), 1), (('she', 's'), 1)])"
32,"ds to say.)

presently she began again. 'i wonder if i shall fall right through the
earth! how funny",1,19,1.0,"(4, ['ds', 'presently', ""'i"", 'i'])","(4, ['ds', 'presently', ""'i"", 'i'])","dict_items([(('ds', 'to'), 1), (('to', 'say.)'), 1), (('say.)', 'presently'), 1), (('presently', 'she'), 1), (('she', 'began'), 1), (('began', 'again.'), 1), (('again.', ""'i""), 1), ((""'i"", 'wonder'), 1), (('wonder', 'if'), 1), (('if', 'i'), 1), (('i', 'shall'), 1), (('shall', 'fall'), 1), (('fall', 'right'), 1), (('right', 'through'), 1), (('through', 'the'), 1), (('the', 'earth!'), 1), (('earth!', 'how'), 1), (('how', 'funny'), 1)])"
1032," the migef of the doorsatoon of the semper!of the seaes to the thing of the sable, 
the datehn the p",0,15,0.75,"(2, ['sable,', 'p'])","(7, ['migef', 'doorsatoon', 'semper!of', 'seaes', 'sable,', 'datehn', 'p'])","dict_items([(('the', 'migef'), 1), (('migef', 'of'), 1), (('of', 'the'), 3), (('the', 'doorsatoon'), 1), (('doorsatoon', 'of'), 1), (('the', 'semper!of'), 1), (('semper!of', 'the'), 1), (('the', 'seaes'), 1), (('seaes', 'to'), 1), (('to', 'the'), 1), (('the', 'thing'), 1), (('thing', 'of'), 1), (('the', 'sable,'), 1), (('sable,', 'the'), 1), (('the', 'datehn'), 1), (('datehn', 'the'), 1), (('the', 'p'), 1)])"
33,"
'the reason is,' said the gryphon, 'that they would go with the lobsters
to the dance. so they got ",1,19,1.0,"(1, ['gryphon,'])","(1, ['gryphon,'])","dict_items([((""'the"", 'reason'), 1), (('reason', ""is,'""), 1), ((""is,'"", 'said'), 1), (('said', 'the'), 1), (('the', 'gryphon,'), 1), (('gryphon,', ""'that""), 1), ((""'that"", 'they'), 1), (('they', 'would'), 1), (('would', 'go'), 1), (('go', 'with'), 1), (('with', 'the'), 1), (('the', 'lobsters'), 1), (('lobsters', 'to'), 1), (('to', 'the'), 1), (('the', 'dance.'), 1), (('dance.', 'so'), 1), (('so', 'they'), 1), (('they', 'got'), 1)])"
1033,"to go about the mocster suadend. it was seeling at the door, and the white rabbit blowered about the",0,16,0.84,"(1, ['seeling'])","(4, ['mocster', 'suadend.', 'seeling', 'blowered'])","dict_items([(('to', 'go'), 1), (('go', 'about'), 1), (('about', 'the'), 2), (('the', 'mocster'), 1), (('mocster', 'suadend.'), 1), (('suadend.', 'it'), 1), (('it', 'was'), 1), (('was', 'seeling'), 1), (('seeling', 'at'), 1), (('at', 'the'), 1), (('the', 'door,'), 1), (('door,', 'and'), 1), (('and', 'the'), 1), (('the', 'white'), 1), (('white', 'rabbit'), 1), (('rabbit', 'blowered'), 1), (('blowered', 'about'), 1)])"
34,"the sort!' said alice. 'why, you don't even know
what they're about!'

'read them,' said the king.

",1,17,1.0,"(1, ['alice.'])","(1, ['alice.'])","dict_items([(('the', ""sort!'""), 1), ((""sort!'"", 'said'), 1), (('said', 'alice.'), 1), (('alice.', ""'why,""), 1), ((""'why,"", 'you'), 1), (('you', ""don't""), 1), ((""don't"", 'even'), 1), (('even', 'know'), 1), (('know', 'what'), 1), (('what', ""they're""), 1), ((""they're"", ""about!'""), 1), ((""about!'"", ""'read""), 1), ((""'read"", ""them,'""), 1), ((""them,'"", 'said'), 1), (('said', 'the'), 1), (('the', 'king.'), 1)])"
1034,"'i don't know the doomouse said the sea,' said the mock turtle in a tone of the soute of the sabbit ",0,18,0.86,"(3, [""'i"", 'mock', 'turtle'])","(6, [""'i"", 'doomouse', 'mock', 'turtle', 'soute', 'sabbit'])","dict_items([((""'i"", ""don't""), 1), ((""don't"", 'know'), 1), (('know', 'the'), 1), (('the', 'doomouse'), 1), (('doomouse', 'said'), 1), (('said', 'the'), 2), (('the', ""sea,'""), 1), ((""sea,'"", 'said'), 1), (('the', 'mock'), 1), (('mock', 'turtle'), 1), (('turtle', 'in'), 1), (('in', 'a'), 1), (('a', 'tone'), 1), (('tone', 'of'), 1), (('of', 'the'), 2), (('the', 'soute'), 1), (('soute', 'of'), 1), (('the', 'sabbit'), 1)])"
35,"he three gardeners, oblong and flat, with their hands and feet at the
corners: next the ten courtier",1,18,1.0,"(1, ['courtier'])","(1, ['courtier'])","dict_items([(('he', 'three'), 1), (('three', 'gardeners,'), 1), (('gardeners,', 'oblong'), 1), (('oblong', 'and'), 1), (('and', 'flat,'), 1), (('flat,', 'with'), 1), (('with', 'their'), 1), (('their', 'hands'), 1), (('hands', 'and'), 1), (('and', 'feet'), 1), (('feet', 'at'), 1), (('at', 'the'), 1), (('the', 'corners:'), 1), (('corners:', 'next'), 1), (('next', 'the'), 1), (('the', 'ten'), 1), (('ten', 'courtier'), 1)])"
1035,"s size and dooruen of her head with and sand off to the white rabbit, when she was soeeking to the t",0,20,0.91,"(2, ['s', 't'])","(4, ['s', 'dooruen', 'soeeking', 't'])","dict_items([(('s', 'size'), 1), (('size', 'and'), 1), (('and', 'dooruen'), 1), (('dooruen', 'of'), 1), (('of', 'her'), 1), (('her', 'head'), 1), (('head', 'with'), 1), (('with', 'and'), 1), (('and', 'sand'), 1), (('sand', 'off'), 1), (('off', 'to'), 1), (('to', 'the'), 2), (('the', 'white'), 1), (('white', 'rabbit,'), 1), (('rabbit,', 'when'), 1), (('when', 'she'), 1), (('she', 'was'), 1), (('was', 'soeeking'), 1), (('soeeking', 'to'), 1), (('the', 't'), 1)])"
36," on others!'

'you'd better not talk!' said five. 'i heard the queen say only
yesterday you deserved",1,17,1.0,"(2, [""'i"", 'queen'])","(2, [""'i"", 'queen'])","dict_items([(('on', ""others!'""), 1), ((""others!'"", ""'you'd""), 1), ((""'you'd"", 'better'), 1), (('better', 'not'), 1), (('not', ""talk!'""), 1), ((""talk!'"", 'said'), 1), (('said', 'five.'), 1), (('five.', ""'i""), 1), ((""'i"", 'heard'), 1), (('heard', 'the'), 1), (('the', 'queen'), 1), (('queen', 'say'), 1), (('say', 'only'), 1), (('only', 'yesterday'), 1), (('yesterday', 'you'), 1), (('you', 'deserved'), 1)])"
1036," to be a little boot, and the mort of the say of the sabbit say in the door, and the white rabbit bl",0,22,0.96,"(3, ['boot,', 'mort', 'bl'])","(4, ['boot,', 'mort', 'sabbit', 'bl'])","dict_items([(('to', 'be'), 1), (('be', 'a'), 1), (('a', 'little'), 1), (('little', 'boot,'), 1), (('boot,', 'and'), 1), (('and', 'the'), 2), (('the', 'mort'), 1), (('mort', 'of'), 1), (('of', 'the'), 2), (('the', 'say'), 1), (('say', 'of'), 1), (('the', 'sabbit'), 1), (('sabbit', 'say'), 1), (('say', 'in'), 1), (('in', 'the'), 1), (('the', 'door,'), 1), (('door,', 'and'), 1), (('the', 'white'), 1), (('white', 'rabbit'), 1), (('rabbit', 'bl'), 1)])"
37,"ice again, in a louder tone.

'are you to get in at all?' said the footman. 'that's the first
questi",1,19,0.95,"(1, ['ice'])","(2, ['ice', 'questi'])","dict_items([(('ice', 'again,'), 1), (('again,', 'in'), 1), (('in', 'a'), 1), (('a', 'louder'), 1), (('louder', 'tone.'), 1), (('tone.', ""'are""), 1), ((""'are"", 'you'), 1), (('you', 'to'), 1), (('to', 'get'), 1), (('get', 'in'), 1), (('in', 'at'), 1), (('at', ""all?'""), 1), ((""all?'"", 'said'), 1), (('said', 'the'), 1), (('the', 'footman.'), 1), (('footman.', ""'that's""), 1), ((""'that's"", 'the'), 1), (('the', 'first'), 1), (('first', 'questi'), 1)])"
1037,"on, i shall have you doun uee that is say you learn to see the doomouse it is is of mine a bat, and ",0,21,0.88,"(1, ['i'])","(4, ['i', 'doun', 'uee', 'doomouse'])","dict_items([(('on,', 'i'), 1), (('i', 'shall'), 1), (('shall', 'have'), 1), (('have', 'you'), 1), (('you', 'doun'), 1), (('doun', 'uee'), 1), (('uee', 'that'), 1), (('that', 'is'), 1), (('is', 'say'), 1), (('say', 'you'), 1), (('you', 'learn'), 1), (('learn', 'to'), 1), (('to', 'see'), 1), (('see', 'the'), 1), (('the', 'doomouse'), 1), (('doomouse', 'it'), 1), (('it', 'is'), 1), (('is', 'is'), 1), (('is', 'of'), 1), (('of', 'mine'), 1), (('mine', 'a'), 1), (('a', 'bat,'), 1), (('bat,', 'and'), 1)])"
38,"will you, old
fellow?'

the mock turtle sighed deeply, and began, in a voice sometimes choked
with s",1,18,1.0,"(3, ['mock', 'turtle', 's'])","(3, ['mock', 'turtle', 's'])","dict_items([(('will', 'you,'), 1), (('you,', 'old'), 1), (('old', ""fellow?'""), 1), ((""fellow?'"", 'the'), 1), (('the', 'mock'), 1), (('mock', 'turtle'), 1), (('turtle', 'sighed'), 1), (('sighed', 'deeply,'), 1), (('deeply,', 'and'), 1), (('and', 'began,'), 1), (('began,', 'in'), 1), (('in', 'a'), 1), (('a', 'voice'), 1), (('voice', 'sometimes'), 1), (('sometimes', 'choked'), 1), (('choked', 'with'), 1), (('with', 's'), 1)])"
1038,"he words was she was good the shmee sable as she could she was so spok the words talk, and she was g",0,21,0.91,"(2, ['sable', 'g'])","(4, ['shmee', 'sable', 'spok', 'g'])","dict_items([(('he', 'words'), 1), (('words', 'was'), 1), (('was', 'she'), 1), (('she', 'was'), 3), (('was', 'good'), 1), (('good', 'the'), 1), (('the', 'shmee'), 1), (('shmee', 'sable'), 1), (('sable', 'as'), 1), (('as', 'she'), 1), (('she', 'could'), 1), (('could', 'she'), 1), (('was', 'so'), 1), (('so', 'spok'), 1), (('spok', 'the'), 1), (('the', 'words'), 1), (('words', 'talk,'), 1), (('talk,', 'and'), 1), (('and', 'she'), 1), (('was', 'g'), 1)])"
39,"them.' in another minute the whole head appeared, and then alice put
down her flamingo, and began an",1,18,1.0,"(1, ['alice'])","(1, ['alice'])","dict_items([((""them.'"", 'in'), 1), (('in', 'another'), 1), (('another', 'minute'), 1), (('minute', 'the'), 1), (('the', 'whole'), 1), (('whole', 'head'), 1), (('head', 'appeared,'), 1), (('appeared,', 'and'), 1), (('and', 'then'), 1), (('then', 'alice'), 1), (('alice', 'put'), 1), (('put', 'down'), 1), (('down', 'her'), 1), (('her', 'flamingo,'), 1), (('flamingo,', 'and'), 1), (('and', 'began'), 1), (('began', 'an'), 1)])"
1039,"wing to the thing soue of the sabbit say in the door, and the white rabbit blowered to she had got t",0,19,0.86,"(2, ['wing', 't'])","(5, ['wing', 'soue', 'sabbit', 'blowered', 't'])","dict_items([(('wing', 'to'), 1), (('to', 'the'), 1), (('the', 'thing'), 1), (('thing', 'soue'), 1), (('soue', 'of'), 1), (('of', 'the'), 1), (('the', 'sabbit'), 1), (('sabbit', 'say'), 1), (('say', 'in'), 1), (('in', 'the'), 1), (('the', 'door,'), 1), (('door,', 'and'), 1), (('and', 'the'), 1), (('the', 'white'), 1), (('white', 'rabbit'), 1), (('rabbit', 'blowered'), 1), (('blowered', 'to'), 1), (('to', 'she'), 1), (('she', 'had'), 1), (('had', 'got'), 1), (('got', 't'), 1)])"
40,"things, and she, oh! she knows such a
very little! besides, she's she, and i'm i, and--oh dear, how ",1,18,0.95,"(2, [""i'm"", 'i,'])","(2, [""i'm"", 'i,'])","dict_items([(('things,', 'and'), 1), (('and', 'she,'), 1), (('she,', 'oh!'), 1), (('oh!', 'she'), 1), (('she', 'knows'), 1), (('knows', 'such'), 1), (('such', 'a'), 1), (('a', 'very'), 1), (('very', 'little!'), 1), (('little!', 'besides,'), 1), (('besides,', ""she's""), 1), ((""she's"", 'she,'), 1), (('she,', 'and'), 1), (('and', ""i'm""), 1), ((""i'm"", 'i,'), 1), (('i,', 'and--oh'), 1), (('and--oh', 'dear,'), 1), (('dear,', 'how'), 1)])"
1040,surping to tee that it sall out of the semeocope the datchners done of the semeocoperce the thme the,0,14,0.74,"(2, ['tee', 'sall'])","(7, ['surping', 'tee', 'sall', 'semeocope', 'datchners', 'semeocoperce', 'thme'])","dict_items([(('surping', 'to'), 1), (('to', 'tee'), 1), (('tee', 'that'), 1), (('that', 'it'), 1), (('it', 'sall'), 1), (('sall', 'out'), 1), (('out', 'of'), 1), (('of', 'the'), 2), (('the', 'semeocope'), 1), (('semeocope', 'the'), 1), (('the', 'datchners'), 1), (('datchners', 'done'), 1), (('done', 'of'), 1), (('the', 'semeocoperce'), 1), (('semeocoperce', 'the'), 1), (('the', 'thme'), 1), (('thme', 'the'), 1)])"
41,"ng there must be more to come, so she sat still and said
nothing.

'when we were little,' the mock t",1,21,1.0,"(3, ['ng', 'mock', 't'])","(3, ['ng', 'mock', 't'])","dict_items([(('ng', 'there'), 1), (('there', 'must'), 1), (('must', 'be'), 1), (('be', 'more'), 1), (('more', 'to'), 1), (('to', 'come,'), 1), (('come,', 'so'), 1), (('so', 'she'), 1), (('she', 'sat'), 1), (('sat', 'still'), 1), (('still', 'and'), 1), (('and', 'said'), 1), (('said', 'nothing.'), 1), (('nothing.', ""'when""), 1), ((""'when"", 'we'), 1), (('we', 'were'), 1), (('were', ""little,'""), 1), ((""little,'"", 'the'), 1), (('the', 'mock'), 1), (('mock', 't'), 1)])"
1041,urtle seplied in an off and ali then was seeling to the crehess some of the words of her head with a,0,18,0.82,"(1, ['seeling'])","(5, ['urtle', 'seplied', 'ali', 'seeling', 'crehess'])","dict_items([(('urtle', 'seplied'), 1), (('seplied', 'in'), 1), (('in', 'an'), 1), (('an', 'off'), 1), (('off', 'and'), 1), (('and', 'ali'), 1), (('ali', 'then'), 1), (('then', 'was'), 1), (('was', 'seeling'), 1), (('seeling', 'to'), 1), (('to', 'the'), 1), (('the', 'crehess'), 1), (('crehess', 'some'), 1), (('some', 'of'), 1), (('of', 'the'), 1), (('the', 'words'), 1), (('words', 'of'), 1), (('of', 'her'), 1), (('her', 'head'), 1), (('head', 'with'), 1), (('with', 'a'), 1)])"
42,"eant to take
the hint; but the cook was busily stirring the soup, and seemed not to
be listening, so",1,19,0.95,"(0, [])","(1, ['eant'])","dict_items([(('eant', 'to'), 1), (('to', 'take'), 1), (('take', 'the'), 1), (('the', 'hint;'), 1), (('hint;', 'but'), 1), (('but', 'the'), 1), (('the', 'cook'), 1), (('cook', 'was'), 1), (('was', 'busily'), 1), (('busily', 'stirring'), 1), (('stirring', 'the'), 1), (('the', 'soup,'), 1), (('soup,', 'and'), 1), (('and', 'seemed'), 1), (('seemed', 'not'), 1), (('not', 'to'), 1), (('to', 'be'), 1), (('be', 'listening,'), 1), (('listening,', 'so'), 1)])"
1042," she was so spok the words was she was good the shmee was and doorsen in the door, and the white rab",0,19,0.86,"(1, ['rab'])","(4, ['spok', 'shmee', 'doorsen', 'rab'])","dict_items([(('she', 'was'), 2), (('was', 'so'), 1), (('so', 'spok'), 1), (('spok', 'the'), 1), (('the', 'words'), 1), (('words', 'was'), 1), (('was', 'she'), 1), (('was', 'good'), 1), (('good', 'the'), 1), (('the', 'shmee'), 1), (('shmee', 'was'), 1), (('was', 'and'), 1), (('and', 'doorsen'), 1), (('doorsen', 'in'), 1), (('in', 'the'), 1), (('the', 'door,'), 1), (('door,', 'and'), 1), (('and', 'the'), 1), (('the', 'white'), 1), (('white', 'rab'), 1)])"
43,"n or
entity to whom you paid the fee as set forth in paragraph 1.e.8.

1.b.  ""project gutenberg"" is ",1,16,0.84,"(2, ['n', '""project'])","(5, ['n', '1.e.8.', '1.b.', '""project', 'gutenberg""'])","dict_items([(('n', 'or'), 1), (('or', 'entity'), 1), (('entity', 'to'), 1), (('to', 'whom'), 1), (('whom', 'you'), 1), (('you', 'paid'), 1), (('paid', 'the'), 1), (('the', 'fee'), 1), (('fee', 'as'), 1), (('as', 'set'), 1), (('set', 'forth'), 1), (('forth', 'in'), 1), (('in', 'paragraph'), 1), (('paragraph', '1.e.8.'), 1), (('1.e.8.', '1.b.'), 1), (('1.b.', '""project'), 1), (('""project', 'gutenberg""'), 1), (('gutenberg""', 'is'), 1)])"
1043,asspciated with the project gutenberg literary archive foundation are all dopyright in the unrk or p,0,12,0.75,"(5, ['project', 'literary', 'archive', 'foundation', 'p'])","(9, ['asspciated', 'project', 'gutenberg', 'literary', 'archive', 'foundation', 'dopyright', 'unrk', 'p'])","dict_items([(('asspciated', 'with'), 1), (('with', 'the'), 1), (('the', 'project'), 1), (('project', 'gutenberg'), 1), (('gutenberg', 'literary'), 1), (('literary', 'archive'), 1), (('archive', 'foundation'), 1), (('foundation', 'are'), 1), (('are', 'all'), 1), (('all', 'dopyright'), 1), (('dopyright', 'in'), 1), (('in', 'the'), 1), (('the', 'unrk'), 1), (('unrk', 'or'), 1), (('or', 'p'), 1)])"
44,"he very seldom followed it),
and sometimes she scolded herself so severely as to bring tears into
he",1,18,1.0,"(0, [])","(0, [])","dict_items([(('he', 'very'), 1), (('very', 'seldom'), 1), (('seldom', 'followed'), 1), (('followed', 'it),'), 1), (('it),', 'and'), 1), (('and', 'sometimes'), 1), (('sometimes', 'she'), 1), (('she', 'scolded'), 1), (('scolded', 'herself'), 1), (('herself', 'so'), 1), (('so', 'severely'), 1), (('severely', 'as'), 1), (('as', 'to'), 1), (('to', 'bring'), 1), (('bring', 'tears'), 1), (('tears', 'into'), 1), (('into', 'he'), 1)])"
1044,r eace in the dart bateht the cank with the words of her head a little sartering that she was soeezi,0,17,0.81,"(3, ['r', 'dart', 'cank'])","(7, ['r', 'eace', 'dart', 'bateht', 'cank', 'sartering', 'soeezi'])","dict_items([(('r', 'eace'), 1), (('eace', 'in'), 1), (('in', 'the'), 1), (('the', 'dart'), 1), (('dart', 'bateht'), 1), (('bateht', 'the'), 1), (('the', 'cank'), 1), (('cank', 'with'), 1), (('with', 'the'), 1), (('the', 'words'), 1), (('words', 'of'), 1), (('of', 'her'), 1), (('her', 'head'), 1), (('head', 'a'), 1), (('a', 'little'), 1), (('little', 'sartering'), 1), (('sartering', 'that'), 1), (('that', 'she'), 1), (('she', 'was'), 1), (('was', 'soeezi'), 1)])"
45,"ou're talking about,' said alice.

'i've tried the roots of trees, and i've tried banks, and i've tr",1,17,0.94,"(5, ['alice.', ""'i've"", ""i've"", ""i've"", 'tr'])","(6, [""ou're"", 'alice.', ""'i've"", ""i've"", ""i've"", 'tr'])","dict_items([((""ou're"", 'talking'), 1), (('talking', ""about,'""), 1), ((""about,'"", 'said'), 1), (('said', 'alice.'), 1), (('alice.', ""'i've""), 1), ((""'i've"", 'tried'), 1), (('tried', 'the'), 1), (('the', 'roots'), 1), (('roots', 'of'), 1), (('of', 'trees,'), 1), (('trees,', 'and'), 1), (('and', ""i've""), 2), ((""i've"", 'tried'), 1), (('tried', 'banks,'), 1), (('banks,', 'and'), 1), ((""i've"", 'tr'), 1)])"
1045,"ied the doomouse say it it is is?'

'i don't know the dorrou the way in the sememcer with the sea,' ",0,17,0.81,"(1, [""'i""])","(5, ['ied', 'doomouse', ""'i"", 'dorrou', 'sememcer'])","dict_items([(('ied', 'the'), 1), (('the', 'doomouse'), 1), (('doomouse', 'say'), 1), (('say', 'it'), 1), (('it', 'it'), 1), (('it', 'is'), 1), (('is', ""is?'""), 1), ((""is?'"", ""'i""), 1), ((""'i"", ""don't""), 1), ((""don't"", 'know'), 1), (('know', 'the'), 1), (('the', 'dorrou'), 1), (('dorrou', 'the'), 1), (('the', 'way'), 1), (('way', 'in'), 1), (('in', 'the'), 1), (('the', 'sememcer'), 1), (('sememcer', 'with'), 1), (('with', 'the'), 1), (('the', ""sea,'""), 1)])"
46,"tle in the distance would take the place of the mock turtle's
heavy sobs.

lastly, she pictured to h",1,18,0.95,"(3, ['mock', 'lastly,', 'h'])","(4, ['tle', 'mock', 'lastly,', 'h'])","dict_items([(('tle', 'in'), 1), (('in', 'the'), 1), (('the', 'distance'), 1), (('distance', 'would'), 1), (('would', 'take'), 1), (('take', 'the'), 1), (('the', 'place'), 1), (('place', 'of'), 1), (('of', 'the'), 1), (('the', 'mock'), 1), (('mock', ""turtle's""), 1), ((""turtle's"", 'heavy'), 1), (('heavy', 'sobs.'), 1), (('sobs.', 'lastly,'), 1), (('lastly,', 'she'), 1), (('she', 'pictured'), 1), (('pictured', 'to'), 1), (('to', 'h'), 1)])"
1046,"erself in a thing of the sobee to tane the sabbit say in the door, and the white rabbit blowered to ",0,17,0.81,"(1, ['tane'])","(5, ['erself', 'sobee', 'tane', 'sabbit', 'blowered'])","dict_items([(('erself', 'in'), 1), (('in', 'a'), 1), (('a', 'thing'), 1), (('thing', 'of'), 1), (('of', 'the'), 1), (('the', 'sobee'), 1), (('sobee', 'to'), 1), (('to', 'tane'), 1), (('tane', 'the'), 1), (('the', 'sabbit'), 1), (('sabbit', 'say'), 1), (('say', 'in'), 1), (('in', 'the'), 1), (('the', 'door,'), 1), (('door,', 'and'), 1), (('and', 'the'), 1), (('the', 'white'), 1), (('white', 'rabbit'), 1), (('rabbit', 'blowered'), 1), (('blowered', 'to'), 1)])"
47,"at dismay, and
began picking them up again as quickly as she could, for the accident of
the goldfish",1,19,1.0,"(0, [])","(0, [])","dict_items([(('at', 'dismay,'), 1), (('dismay,', 'and'), 1), (('and', 'began'), 1), (('began', 'picking'), 1), (('picking', 'them'), 1), (('them', 'up'), 1), (('up', 'again'), 1), (('again', 'as'), 1), (('as', 'quickly'), 1), (('quickly', 'as'), 1), (('as', 'she'), 1), (('she', 'could,'), 1), (('could,', 'for'), 1), (('for', 'the'), 1), (('the', 'accident'), 1), (('accident', 'of'), 1), (('of', 'the'), 1), (('the', 'goldfish'), 1)])"
1047," have gand and the was soeezing on the time, 
'i don't know what i can't tee the dormouse say in the",0,19,0.9,"(4, [""'i"", 'i', 'tee', 'dormouse'])","(6, ['gand', 'soeezing', ""'i"", 'i', 'tee', 'dormouse'])","dict_items([(('have', 'gand'), 1), (('gand', 'and'), 1), (('and', 'the'), 1), (('the', 'was'), 1), (('was', 'soeezing'), 1), (('soeezing', 'on'), 1), (('on', 'the'), 1), (('the', 'time,'), 1), (('time,', ""'i""), 1), ((""'i"", ""don't""), 1), ((""don't"", 'know'), 1), (('know', 'what'), 1), (('what', 'i'), 1), (('i', ""can't""), 1), ((""can't"", 'tee'), 1), (('tee', 'the'), 1), (('the', 'dormouse'), 1), (('dormouse', 'say'), 1), (('say', 'in'), 1), (('in', 'the'), 1)])"
48,"i can't understand it myself to begin with; and being so many
different sizes in a day is very confu",1,19,0.95,"(1, ['i'])","(2, ['i', 'confu'])","dict_items([(('i', ""can't""), 1), ((""can't"", 'understand'), 1), (('understand', 'it'), 1), (('it', 'myself'), 1), (('myself', 'to'), 1), (('to', 'begin'), 1), (('begin', 'with;'), 1), (('with;', 'and'), 1), (('and', 'being'), 1), (('being', 'so'), 1), (('so', 'many'), 1), (('many', 'different'), 1), (('different', 'sizes'), 1), (('sizes', 'in'), 1), (('in', 'a'), 1), (('a', 'day'), 1), (('day', 'is'), 1), (('is', 'very'), 1), (('very', 'confu'), 1)])"
1048,"siog the words of the table, 
'ie wou'se sried to the project gutenberg literary archive foundation ",0,12,0.75,"(5, [""'ie"", 'project', 'literary', 'archive', 'foundation'])","(9, ['siog', ""'ie"", ""wou'se"", 'sried', 'project', 'gutenberg', 'literary', 'archive', 'foundation'])","dict_items([(('siog', 'the'), 1), (('the', 'words'), 1), (('words', 'of'), 1), (('of', 'the'), 1), (('the', 'table,'), 1), (('table,', ""'ie""), 1), ((""'ie"", ""wou'se""), 1), ((""wou'se"", 'sried'), 1), (('sried', 'to'), 1), (('to', 'the'), 1), (('the', 'project'), 1), (('project', 'gutenberg'), 1), (('gutenberg', 'literary'), 1), (('literary', 'archive'), 1), (('archive', 'foundation'), 1)])"
49,"said to alice, very earnestly.

'i've had nothing yet,' alice replied in an offended tone, 'so i can",1,18,1.0,"(4, ['alice,', ""'i've"", 'alice', 'i'])","(4, ['alice,', ""'i've"", 'alice', 'i'])","dict_items([(('said', 'to'), 1), (('to', 'alice,'), 1), (('alice,', 'very'), 1), (('very', 'earnestly.'), 1), (('earnestly.', ""'i've""), 1), ((""'i've"", 'had'), 1), (('had', 'nothing'), 1), (('nothing', ""yet,'""), 1), ((""yet,'"", 'alice'), 1), (('alice', 'replied'), 1), (('replied', 'in'), 1), (('in', 'an'), 1), (('an', 'offended'), 1), (('offended', 'tone,'), 1), (('tone,', ""'so""), 1), ((""'so"", 'i'), 1), (('i', 'can'), 1)])"
1049,"'t tee you tell you the mock turtle sout of the semeocopes!'

'well, i should be a little bird as sh",0,19,0.9,"(5, [""'t"", 'tee', 'mock', 'turtle', 'i'])","(7, [""'t"", 'tee', 'mock', 'turtle', 'sout', ""semeocopes!'"", 'i'])","dict_items([((""'t"", 'tee'), 1), (('tee', 'you'), 1), (('you', 'tell'), 1), (('tell', 'you'), 1), (('you', 'the'), 1), (('the', 'mock'), 1), (('mock', 'turtle'), 1), (('turtle', 'sout'), 1), (('sout', 'of'), 1), (('of', 'the'), 1), (('the', ""semeocopes!'""), 1), ((""semeocopes!'"", ""'well,""), 1), ((""'well,"", 'i'), 1), (('i', 'should'), 1), (('should', 'be'), 1), (('be', 'a'), 1), (('a', 'little'), 1), (('little', 'bird'), 1), (('bird', 'as'), 1), (('as', 'sh'), 1)])"
