index,text,score,correct spelling,percent
0,"am, is this new zealand or australia?' (and
she tried to curtsey as she spoke--fancy curtseying as y",1,17,0.94
1000,"ell as the court.

'i don't know what i can't tee the duchess!' said the mouse, 'and the mort of the",0,21,1.0
1,"to say which), and they went on for some while in silence.

alice was just beginning to think to her",1,20,1.0
1001,"self in a mou voice, 
'i don't know what i can't ree whth an any ratt!' said the mouse, 'and the mor",0,20,0.91
2,"he fender,
           (with alice's love).

oh dear, what nonsense i'm talking!'

just then her head",1,14,0.93
1002," was a good deal cromuite a while of the sabbit say in the door, and the white rabbit blowered to sh",0,18,0.86
3,"; i heard him declare,
  ""you have baked me too brown, i must sugar my hair.""
  as a duck with its e",1,21,0.95
1003,ean any oroject gutenberg literary archive foundation as wou gu any way in the project gutenberg lit,0,13,0.76
4,"versations?'

so she was considering in her own mind (as well as she could, for the
hot day made her",1,19,0.95
1004," head a little bootarsons. 
'it was the pueen sable to tee a wery little shing,' said the mock turtl",0,14,0.74
5,"and she began thinking over other
children she knew, who might do very well as pigs, and was just sa",1,20,1.0
1005,"ying to herself 'it was the moueling of the sabbit say in the door, and the white rabbit blowered an",0,16,0.8
6,"-and i hadn't begun my tea--not above a week or so--and what with the
bread-and-butter getting so th",1,15,0.83
1006,e doomows to do any more and more than she same the had euen was she was soeezing off the had eeet i,0,19,0.83
7,"nd the
others all joined in chorus, 'yes, please do!' but the mouse only shook
its head impatiently,",1,18,1.0
1007, and she was going to see if he was seel a louse the thing sabbit as she was see as the corrou of th,0,22,0.92
8,"  project gutenberg-tm works.

- you provide, in accordance with paragraph 1.f.3, a full refund of a",1,13,0.81
1008,ny ptoject gutenberg-tm electronic works in a refund of the project gutenberg literary archive found,0,12,0.8
9,"at's the judge,' she said to
herself, 'because of his great wig.'

the judge, by the way, was the ki",1,19,0.95
1009,"ttle golden key whth and saying to her face sime the pueen say off, and she was going to see if he w",0,20,0.87
10,"swimming about here, o mouse!' (alice thought this must be the right
way of speaking to a mouse: she",1,19,1.0
1010," had to see if he was the pabbit say in the door, and the white rabbit blowered to she had got to se",0,21,0.91
11," of the sort!' said alice. 'why, you don't even know
what they're about!'

'read them,' said the kin",1,18,1.0
1011,"g, 
'i don't know the doomouse said the sea,' said the mock turtle in a tone of the soute of the sab",0,20,0.91
12,"eir backs was the same as the rest of the
pack, she could not tell whether they were gardeners, or s",1,21,1.0
1012,"wo of the sabbit say in the door, and the white rabbit blowered to she had got to see if he had to s",0,22,0.92
13,"nd your hair has become very white;
   and yet you incessantly stand on your head--
    do you think",1,18,1.0
1013," it was a garter was so see the dateht of her twinkse the was and doomustable oo the table, 
'ie wou",0,16,0.76
14,"or any project gutenberg-tm
work, (b) alteration, modification, or additions or deletions to any
pro",1,14,0.93
1014,"ject gutenberg-tm works, 
1.e.9.  in the project gutenberg literary archive foundation are all fopyr",0,9,0.64
15,"o the heads of the crowd below, and there
they lay sprawling about, reminding her very much of a glo",1,19,0.95
1015,"d datse on the table, but she said the pueen, 'and when i make mur more the sememcors of the sea, th",0,18,0.82
16,"n another minute the whole head appeared, and then alice put
down her flamingo, and began an account",1,18,1.0
1016,"ise to the thing soue of the sime, 
'i don't know what i have to be a little birler,' the mock turtl",0,20,0.91
17," of conversation. while she
was trying to fix on one, the cook took the cauldron of soup off the
fir",1,20,1.0
1017,"tt of the sabbit say in the door, and the pueen say down and said, 'it was the mock turtle sat off, ",0,19,0.86
18,"a canary called out in a trembling voice to
its children, 'come away, my dears! it's high time you w",1,20,1.0
1018,"ere the semescops oo the siing,' said alice in a toiee tone, 'i don't know what i can the most of th",0,18,0.82
19,"ied
back to the game, the queen merely remarking that a moment's delay would
cost them their lives.
",1,17,0.94
1019,and she was going to see if he was seel a louse the thmee way off a little shanly offrle the had fro,0,20,0.87
20,"re's hardly room for you, and no room at all
for any lesson-books!'

and so she went on, taking firs",1,19,0.95
1020,"t, and she was going to see if he was seel a louse the thing sabbit as she was see as the corrou of ",0,22,0.92
21,"y it further.

so she set the little creature down, and felt quite relieved to see
it trot away quie",1,19,0.95
1021,"t it off ht and said, 'i don't know what i can teel to the thing is suo me the doors! and the murt o",0,23,0.92
22," sat still just as she left her, leaning her head on her
hand, watching the setting sun, and thinkin",1,18,0.95
1022,"g off the had eeet in the door, and the white rabbit blowered to she had got to see if he had to see",0,22,0.92
23,"
cost them their lives.

all the time they were playing the queen never left off quarrelling with
th",1,18,1.0
1023,"e words ouer the was soeezing on the time, 
'i don't know what i can't tee the dormouse say in the s",0,20,0.91
24,"ould not allow without
knowing how old it was, and, as the lory positively refused to tell its
age, ",1,18,0.95
1024,"
'i dan't reee the reason is tar ading the sea,' said the daterpillar.

'i don't know what i can't r",0,16,0.8
25,"ting date: june 25, 2008 [ebook #11]
release date: march, 1994
[last updated: december 20, 2011]

la",1,10,0.59
1025,"ngnal pf project gutenberg-tm works, 
1    *    *    *    *    *    *    *    *    *    *    *    * ",0,3,0.17
26,"d
with this ebook or online at www.gutenberg.org

1.e.2.  if an individual project gutenberg-tm elec",1,11,0.73
1026,tronic works in the project gutenberg literary archive foundation are all dopyright in the uery coll,0,12,0.75
27,"ures.'

'i could tell you my adventures--beginning from this morning,' said
alice a little timidly: ",1,13,0.87
1027,'i don't know what i can the most of the say of the dooroa dorn the mort of the same thing is turp!',0,22,0.96
28,"d said that day.

'that proves his guilt,' said the queen.

'it proves nothing of the sort!' said al",1,19,1.0
1028,"ice, 
'why, what don't must aegnnd the regess, would not, would not, would not joow the dooroa dotnd",0,13,0.72
29,"r,' remarked the king, 'or i'll have you executed.'

the miserable hatter dropped his teacup and bre",1,16,0.94
1029,"adful tone, 
'i don't know what i have to be a little birler,' she said to herself, 'i don't know wh",0,20,0.95
30,"tle soup is made from,' said the queen.

'i never saw one, or heard of one,' said alice.

'come on, ",1,19,0.95
1030,"then,' said the mock turtle, 
'i don't know what i have to be a little birler,' the mock turtle sepl",0,19,0.95
31,"e queen.

first came ten soldiers carrying clubs; these were all shaped like
the three gardeners, ob",1,17,1.0
1031,"rt of the was seered to the thing soue of the sabbit say in the door, and the white rabbit blowered ",0,17,0.81
32,"to one of the
officers: but the hatter was out of sight before the officer could get
to the door.

'",1,20,0.95
1032,"i don't know what i can't gxpw as well seil the sea,   she said this all the pueen,

'i don't know w",0,19,0.86
33,"ut it off from: that he had never had to do such a
thing before, and he wasn't going to begin at his",1,23,1.0
1033," serserce, and when she was seel a louse of the sabbit say in the door, and the pueen say down and s",0,19,0.86
34," there was the cat
again, sitting on a branch of a tree.

'did you say pig, or fig?' said the cat.

",1,21,1.0
1034,"'i don't know what i can tele your majesty,' said the mouse, 'and the mort of the sable with the wor",0,20,0.95
35,"ill do next! if they had any sense, they'd take the
roof off.' after a minute or two, they began mov",1,20,0.95
1035," and alice sound her ar she could,
and the pueen say down and said, 'it was the mock turtle sat off,",0,20,0.95
36,"e was, or
longitude either, but thought they were nice grand words to say.)

presently she began aga",1,18,1.0
1036,"in and alice to seme the had erown of the sabbit say in the door, and the white rabbit blowered to s",0,19,0.86
37,"
again, it was very provoking to find that the hedgehog had unrolled
itself, and was in the act of c",1,20,1.0
1037,"reated a little shanly were all off and ali the pueen say off, and she was going to see if he was se",0,19,0.83
38," it: they looked so good,
that it made alice quite hungry to look at them--'i wish they'd get the
tr",1,19,0.95
1038,"ial sat off, they were sime the temescop, and the mort of the say of the door of the thing sabbit as",0,19,0.86
39,"(look at the frontispiece if you want to see how he did it,) he did
not look at all comfortable, and",1,21,1.0
1039," when she was seel a louse on the sabbit say in the door, and the pueen say down and said, 'it was t",0,21,0.91
40," couldn't afford to learn it.' said the mock turtle with a sigh. 'i
only took the regular course.'

",1,18,1.0
1040,"'i don't know what i have to be a little birler,' she said to herself, 'i don't know what i can the ",0,22,1.0
41,"ce died away, even
in the middle of her favourite word 'moral,' and the arm that was linked
into her",1,20,1.0
1041,self whth the words of her head with and sand off to the larch hare and the pueen say down and sayin,0,19,0.86
42,"ran out of the house, and found quite a crowd of little
animals and birds waiting outside. the poor ",1,19,1.0
1042,"little thing was seel a long tay of the sobll, 

                                                   ",0,9,0.9
43,"erself, 'which way? which
way?', holding her hand on the top of her head to feel which way it was
gr",1,20,0.95
1043,"ing tome of the sout of the sabbit say in the door, and the pueen say down and said, 'it was the moc",0,20,0.87
44,"hadn't
drunk quite so much!'

alas! it was too late to wish that! she went on growing, and growing,
",1,19,1.0
1044,and she was going to see if he was seel a louse the thing sabbit as she was see as the corrou of the,0,22,0.92
45,"you know--'

'but, it goes on ""they all returned from him to you,""' said alice.

'why, there they ar",1,19,1.0
1045,"e the sea,' said the mock turtle, 
'i dan't ree whth another mine the dance?                        ",0,13,0.87
46,"n his
slate with one finger, as he found it made no mark; but he now hastily
began again, using the ",1,21,1.0
1046,"had ganpent to sele the had erowned the tort of the sabbit say in the door, and the white rabbit blo",0,18,0.86
47,"ull effect,
and she grew no larger: still it was very uncomfortable, and, as there
seemed to be no s",1,20,1.0
1047,"ersle to see it the larch hare and the white rabbit, who was a long tay the way of the way of the wa",0,23,0.96
48,"you begin?'

the hatter looked at the march hare, who had followed him into the
court, arm-in-arm wi",1,17,0.94
1048,"th the words ouer the white rabbit, when she was soeeking at the door, and the white rabbit blowered",0,16,0.84
49," agreement shall be
interpreted to make the maximum disclaimer or limitation permitted by
the applic",1,14,0.93
1049,a uith the project gutenberg literary archive foundation are all dopyright in the united states.    ,0,12,0.8
50,"o
twist it up into a sort of knot, and then keep tight hold of its right
ear and left foot, so as to",1,24,1.0
1050," see what she was soeezing on the thme the doom the was soeezing on the time, 
'i don't know what i ",0,18,0.86
51,"quite natural
to alice to find herself talking familiarly with them, as if she had
known them all he",1,19,1.0
1051,r head a little shaily all the dateht of the sobee to tay the was sole time with the words of her he,0,20,0.87
52,"tte?' which
was the first sentence in her french lesson-book. the mouse gave a
sudden leap out of th",1,17,0.89
1052,"e way of the sabbit say in the door, and the white rabbit blowered to her the had frown on the table",0,20,0.91
53,"following which you do
or cause to occur: (a) distribution of this or any project gutenberg-tm
work,",1,16,0.94
1053,  conper if you work in any pther trate as is wolder in the project gutenberg literary archive found,0,13,0.72
54,"king,' said the footman, 'and that for
two reasons. first, because i'm on the same side of the door ",1,19,1.0
1054,"of the same time then she was seen a little shanllg of the sabbit say in the door, and the pueen say",0,19,0.86
55,"ched full project
gutenberg-tm license when you share it without charge with others.

1.d.  the copy",1,13,0.81
1055,right ho the project gutenberg literary archive foundation are all dopyright in the uery colliction ,0,11,0.73
56,"uchess; 'i never could abide figures!'
and with that she began nursing her child again, singing a so",1,17,0.94
1056,"iee of the ouher side of the table, but she said the pueen, 'and when i maver had to be nuch a proje",0,17,0.74
57,"ell, it's got no business there, at any rate: go and take it away!'

there was a long silence after ",1,20,1.0
1057,"the danee of the table, but she said the pueen, 'and when i make mert ter that would be a great hatd",0,18,0.82
58,"a song?'

'oh, a song, please, if the mock turtle would be so kind,' alice
replied, so eagerly that ",1,19,1.0
1058,"it was see as the dorrou of the sabbit say in the door, and the white rabbit blowered to she had got",0,19,0.86
59," you?'

'i'm afraid i am, sir,' said alice; 'i can't remember things as i
used--and i don't keep the",1,18,0.95
1059, dooroa dotnd not mone that would be a great het of the same time the doomouse shene of the sout of ,0,16,0.76
60,"gnantly. 'let me alone!'

'serpent, i say again!' repeated the pigeon, but in a more subdued tone,
a",1,17,0.94
1060,"nd the pueen say down and said, 'i don't know what i can tee things--

'i don't know what i can't te",0,21,0.95
61," anxiously fixed on it, for she felt
sure she would catch a bad cold if she did not get dry very soo",1,21,0.95
1061,"k, 
'i don't know what i have to be a little birler,' she said to herself, 'i don't know what i can ",0,22,1.0
62,"are you--are you fond--of--of dogs?' the mouse did not
answer, so alice went on eagerly: 'there is s",1,16,0.89
1062,"ur more thene was the dance?

                                                                      ",0,5,0.83
63,"except the lizard, who seemed too much overcome to do
anything but sit with its mouth open, gazing u",1,19,1.0
1063,"p and the pueen say down and saying to her the was so spok the way of the sabbit say in the door, an",0,21,0.88
64,"bject of
conversation. 'are you--are you fond--of--of dogs?' the mouse did not
answer, so alice went",1,13,0.81
1064," on all the poor little toiee.

'why, what don't make me the semeoco talk oo the sea,' said the mock",0,17,0.85
65,"d in an offended tone, and everybody laughed,
'let the jury consider their verdict,' the king said, ",1,17,1.0
1065,'and the mort of the sable with the mock turtle sout of the sabbit size and goowens to tay the was s,0,19,0.86
66,", and that in
about half no time! take your choice!'

the duchess took her choice, and was gone in a",1,20,0.95
1066," lou voice, and was going to see if he was seel a louse the thing sabbit as she was see as the corro",0,21,0.91
67," the work as long as all references to project gutenberg
are removed.  of course, we hope that you w",1,18,0.95
1067,"alk domeer it would be seleraled oroject gutenberg-tm works, 
1.e.9.  in the project gutenberg liter",0,9,0.6
68,", and looking
anxiously about her. 'oh, do let me help to undo it!'

'i shall do nothing of the sort",1,20,0.95
1068,",' said the mock turtle, 
'i dan't ree wou may with the parter with the words ' said the mouse, 'and",0,17,0.81
69,"t be in
bill's place for a good deal: this fireplace is narrow, to be sure; but
i think i can kick a",1,23,1.0
1069,"eanmn the boorersat pemple tee the door- 

'she wese oine the reason so have to bo any oane,        ",0,13,0.72
70,"ir mouths--and they're all over crumbs.'

'you're wrong about the crumbs,' said the mock turtle: 'cr",1,15,0.94
1070,"t it is is is is is is is is is is is is is is?'

'i don't know the dorrou the words ' said the mous",0,24,0.89
71,"sea. the master was an old turtle--we used to call him tortoise--'

'why did you call him tortoise, ",1,17,0.94
1071,"if it was to see if it was going to be a little birler, i don't keep the door of the sable of the ta",0,25,1.0
72,"ly.

alice did not quite know what to say to this: so she helped herself
to some tea and bread-and-b",1,19,0.95
1072,"utter, and she was going to see if he was seel a louse the thing sabbit as she was see as the corrou",0,21,0.91
73,"e,
'hm! no accounting for tastes! sing her ""turtle soup,"" will you, old
fellow?'

the mock turtle si",1,18,1.0
1073,"mlky she was so spok the words talk, and she was sooe doot of the table, but she said the pueen, 'an",0,17,0.77
74," all,' said the king: 'however, it may
kiss my hand if it likes.'

'i'd rather not,' the cat remarke",1,18,0.95
1074,"d. 
'i don't know what i can't ree whth an any ratt!' said the mouse, 'and the mort of the sable wit",0,20,0.91
75,"fe!'

just as she said this, she noticed that one of the trees had a door
leading right into it. 'th",1,21,1.0
1075,ey rererel peanin in the dance?                                                                     ,0,4,0.67
76,"as the large birds complained that they could not taste
theirs, and the small ones choked and had to",1,19,1.0
1076," steaen beanded a little thail soates, and she was going to see if he was seer off to say it the sim",0,18,0.82
77," and she tried to fancy what the flame of a
candle is like after the candle is blown out, for she co",1,22,1.0
1077,"uld not be she had got to see it was seer again, 
'i don't know what i have to be a little birler,' ",0,22,0.96
78,"t dismay, and
began picking them up again as quickly as she could, for the accident of
the goldfish ",1,19,1.0
1078,"have gand and the was soeezing on the time, 
'i don't know what i can't tee the dormouse say in the ",0,19,0.9
79," uncorked it and put it
to her lips. 'i know something interesting is sure to happen,' she said
to h",1,20,1.0
1079,"erself, 'i don't know what i can the most of the say of the dooroa dorn the mort of the same thme to",0,20,0.87
80,"plate.

alice did not wish to offend the dormouse again, so she began very
cautiously: 'but i don't ",1,18,1.0
1080,"know what i can the most of the say!'

'i don't know the dorrou would not mever heard off to tay ' s",0,20,0.87
81,"e more of the lefthand bit of mushroom, and raised herself to
about two feet high: even then she wal",1,18,0.9
1081,ked off to the canker coosa but a mittle thing the had gentenf in the door the had good the had gent,0,20,0.91
82,"t a violent shake at the end of
every line:

   'speak roughly to your little boy,
    and beat him ",1,19,1.0
1082,"when the waschred was off as all the door,                                                          ",0,8,0.89
83,"on replied very solemnly.

alice was thoroughly puzzled. 'does the boots and shoes!' she repeated
in",1,16,1.0
1083," a tone of the sobee to the torn, 
'i don't know what i have to be a little birler,' the march hare ",0,21,0.95
84,".

'why, she, of course,' said the dodo, pointing to alice with one finger;
and the whole party at o",1,19,0.95
1084,"nce tabbit was teem the rabbit say in the door, and the white rabbit blowered to she had got to see ",0,18,0.86
85,"buted to anyone in the united states without paying any fees
or charges.  if you are redistributing ",1,16,0.94
1085,or provided the project gutenberg literary archive foundation are all fopyright in the project guten,0,12,0.8
86," and then raised himself upon
tiptoe, put his mouth close to her ear, and whispered 'she's under
sen",1,18,1.0
1086,"lent would be a very little thing!'

'i don't know what i can't ree whth an any ratters,' said the m",0,20,0.95
87,"ed and reported to you within 90 days
     of receipt of the work.

- you comply with all other term",1,18,0.9
1087,s of the project gutenberg literary archive foundation are all fopyright in the project gutenberg li,0,13,0.81
88,"k the way i want
to go! let me see: i'll give them a new pair of boots every christmas.'

and she we",1,23,1.0
1088,"nt on, 'i'm afraid it mo mart and good the sempen! and the mort of the say of the dooroa dotn the se",0,20,0.87
89,"the duchess, 'as pigs have to fly; and
the m--'

but here, to alice's great surprise, the duchess's ",1,16,0.89
1089,"heart to see if it was going to say it in the words of the thief of the time, and the white rabbit b",0,24,1.0
90,"ecution.'

'what for?' said alice.

'did you say ""what a pity!""?' the rabbit asked.

'no, i didn't,'",1,16,0.94
1090, said the mock turtle in a tone of the soute of the sout of the sabbit say in the dares of her head ,0,20,0.87
91,"ot like to be told so. 'it's really
dreadful,' she muttered to herself, 'the way all the creatures a",1,19,1.0
1091,"read-ingetee in the words of the thing,  she said the rueen, the pueen say down and said, 'i don't k",0,17,0.85
92,"d tired herself out with trying, the poor little thing
sat down and cried.

'come, there's no use in",1,19,1.0
1092," the sea,' said the mock turtle in a tone of the soute of the sout of the sabbit say in the dares of",0,20,0.87
93,"he players to be
executed for having missed their turns, and she did not like the look
of things at ",1,20,1.0
1093,"the court, 
'i don't know what i can't tee the darth have your fear aroeep form the trial shat dooul",0,17,0.85
94," shrill
cries to the voice of the shepherd boy--and the sneeze of the baby, the
shriek of the grypho",1,17,0.89
1094,"n she was soeeking to the thing soue of the sabbit say in the door, and the white rabbit blowered to",0,17,0.81
95,"y again: they had a
consultation about this, and after a few minutes it seemed quite natural
to alic",1,18,0.95
1095,"e and alice sound herself so she was so see that she was so spok the words ouer the white rabbit, wh",0,20,0.91
96,"      with gently smiling jaws!'

'i'm sure those are not the right words,' said poor alice, and her",1,17,1.0
1096, reared to and she was going to say it the larch hare and the pueen say down and saying the thme the,0,20,0.91
97," my poor little feet, i wonder
who will put on your shoes and stockings for you now, dears? i'm sure",1,20,1.0
1097," the mext wert turple it is is it is?'

'i don't know the dorrou the way in the sememcer with the se",0,18,0.82
98,"a little sharp bark just over her head made her look up in a
great hurry.

an enormous puppy was loo",1,21,1.0
1098,"king at the doom the was soeezing on the thme the doom the was soeezing on the time, 
'i don't know ",0,18,0.86
99,"fter it: 'i never was so ordered about in all my life, never!'

they had not gone far before they sa",1,20,0.95
1099,"w the mittle golden key, and was so spok the words ouer the was soeezing on the time, 
'i don't know",0,18,0.86
